CRL_lat,CRL_lon,LI,MI,HI,Total
23.5,-97.75879873,0.51032662546034,0.134458984979759,0.14244272004219,0.787228330482289
23.5999176352219,-97.7436866516806,0.506996749071922,0.131556737006979,0.145356207523914,0.783909693602815
23.7007727339624,-97.7370019847309,0.502751165273317,0.128024906268003,0.147889382913294,0.778665454454614
23.8018518996289,-97.7354669885264,0.497880291906914,0.124300068918554,0.150192492446832,0.772372853272301
23.9029473992565,-97.735685232302,0.492591644772473,0.120487697285003,0.152231338557012,0.765310680614489
24.0040285596082,-97.7342642080213,0.488103807044387,0.116915634091637,0.154352378287436,0.75937181942346
24.1049609234612,-97.7286534997791,0.483937669761425,0.113600794408619,0.156508488918556,0.7540469530886
24.2056211400975,-97.7193234364503,0.480457644149372,0.11034101055386,0.158705190181195,0.749503844884427
24.306009934617,-97.7074031063216,0.477108365488487,0.107128764821417,0.160935683575763,0.745172813885666
24.40609969845,-97.6931998373357,0.474064265104042,0.104134157175175,0.1629431725304,0.741141594809617
24.5056300236943,-97.6755191023133,0.457095072501806,0.115494411358612,0.164808500252464,0.737397984112882
24.6043340433662,-97.6536891537948,0.455166365509545,0.112536657016759,0.166605540018546,0.734308562544851
24.7021966610074,-97.6283435255107,0.453549896836157,0.110038296772304,0.168276415114304,0.731864608722764
24.7993075056818,-97.6002483633791,0.4524974730203,0.108339293004612,0.170165427038782,0.731002193063693
24.8957917733929,-97.5700690790463,0.451803227738708,0.106608859539421,0.172010682753908,0.730422770032036
24.9913186843387,-97.5370004240291,0.450526915819196,0.105245510388351,0.173495829960101,0.729268256167648
25.0849909439298,-97.4990184525652,0.455413382097667,0.0991548490515484,0.175001814307737,0.729570045456952
25.1764667133338,-97.4559954911481,0.456785435775002,0.0976973186440515,0.176206024688451,0.730688779107504
25.266636377517,-97.4102839996033,0.458555985637163,0.0845148886455919,0.189340862820707,0.732411737103462
25.3558835662226,-97.3628006458945,0.460631256101461,0.0834033440256465,0.190437194491812,0.734471794618919
25.4433259920275,-97.3120811375972,0.463089276801879,0.0821536485502542,0.191821020635864,0.737063945987998
25.5295667810096,-97.2593293761671,0.46576298323465,0.0814407687491213,0.193130589323209,0.74033434130698
25.6181076841718,-97.2105958895104,0.467722770355462,0.0809575754207531,0.194346464995548,0.743026810771763
25.7117588003845,-97.1727963306534,0.468831805803582,0.0804105313344809,0.1950445080153,0.744286845153363
25.8106150310529,-97.1522965881654,0.468983992075544,0.0797544221576745,0.195375114665963,0.744113528899182
25.9115046480184,-97.1468481715779,0.468059686349201,0.0788650479846716,0.195547231659162,0.742471965993034
26.0125604296675,-97.1491607557261,0.466522347387668,0.0781598144743275,0.195083278938477,0.739765440800472
26.1125117526586,-97.1636961629102,0.462375657998743,0.079246797792711,0.194348122270703,0.735970578062158
26.2124405878302,-97.1788784271071,0.458963619929971,0.0788669804376668,0.193690514593586,0.731521114961224
26.3115105556689,-97.1987932269594,0.457997349792183,0.0761776056000416,0.192846051614087,0.727021007006311
26.4092331307718,-97.2246633807644,0.455079494031531,0.0754929569018063,0.191119284753974,0.721691735687311
26.505452805984,-97.2556170129635,0.450109198432739,0.0723602458309073,0.192368016741891,0.714837461005537
26.6003246522495,-97.2905318221708,0.445280990586829,0.0724129800697525,0.190360527313107,0.708054497969688
26.6965304246664,-97.3215788152989,0.436458556027777,0.091212815296473,0.173874330207612,0.701545701531861
26.7939385509191,-97.3485688062683,0.431560974789448,0.0911641338320233,0.171696931376751,0.694422039998222
26.8930757904717,-97.3682303869665,0.427333148506376,0.0915616320443831,0.169584494017114,0.688479274567872
26.993612743245,-97.3783552827221,0.423912980277223,0.0921932887553601,0.167834763515695,0.683941032548279
27.094654402953,-97.3773525534353,0.421974581468371,0.0881232952384164,0.172042016676623,0.682139893383411
27.1950682856342,-97.3660286334949,0.421520143945047,0.0890290074808277,0.171767229994511,0.682316381420386
27.293530153723,-97.3433312095947,0.422942432736661,0.0901837736623812,0.171618513481454,0.684744719880496
27.3895069733903,-97.3116714779191,0.425114741663763,0.0913444780346781,0.171539695013789,0.68799891471223
27.4821812725918,-97.2713585534936,0.428015809446608,0.0930982620253023,0.171378649355423,0.692492720827334
27.5722558934199,-97.2254628292018,0.431170906389872,0.0949136989471772,0.171195739341051,0.6972803446781
27.6610085205737,-97.1770882200158,0.434915830520684,0.0971543126418161,0.1708924233523,0.702962566514801
27.7449830289273,-97.120887313754,0.431469162942691,0.107493102554425,0.170678804496294,0.70964106999341
27.8265901348352,-97.061225296045,0.436030037508322,0.110332539618895,0.170342719827709,0.716705296954927
27.9084477087996,-97.0019152968583,0.440350824873788,0.113303505169648,0.169827631969468,0.723481962012903
27.9840399959789,-96.9348893491537,0.445623637640369,0.116403730405024,0.169597299750115,0.731624667795507
28.0538569677234,-96.861795361331,0.451158168169213,0.119759051679631,0.169414897427034,0.740332117275878
28.1174566223881,-96.7832437537201,0.456959615928626,0.122999477148434,0.169397204520801,0.74935629759786
28.1771136290382,-96.701638771098,0.463225580884336,0.126246522575522,0.169345157934652,0.758817261394511
28.232024595358,-96.6167661958154,0.469842903866424,0.129739291036948,0.1692734552702,0.768855650173572
28.2781168553688,-96.5269818806442,0.476948463027577,0.133219904867966,0.169459728921019,0.779628096816562
28.3262955945226,-96.4388479956762,0.483520960125431,0.136549682809491,0.169636857036015,0.789707499970937
28.3934014759924,-96.3633327438911,0.488418344002915,0.139637077305665,0.169504657585556,0.797560078894136
28.4520057983899,-96.280959521421,0.489608678873505,0.147326604209379,0.169357741036958,0.806293024119842
28.5035870338631,-96.1941477297272,0.495431606066886,0.150719164838403,0.169418889196792,0.815569660102081
28.5462825077959,-96.1025164524843,0.502010471487669,0.149151026211866,0.174674703217925,0.825836200917459
28.5853983626729,-96.0093032740037,0.508540922335735,0.166965781583117,0.16042517239453,0.835931876313382
28.6213502839052,-95.9148172745129,0.51529043644202,0.170139155143596,0.160723907728223,0.846153499313839
28.6612738320619,-95.8219665573624,0.52211041355243,0.17331756363358,0.160981030238082,0.856409007424092
28.7079769149155,-95.7323168488604,0.528146211027253,0.176369166042458,0.161231171535696,0.865746548605408
28.7553267053858,-95.6429994072445,0.531947847490581,0.181058024960024,0.161247531859537,0.874253404310143
28.802272582354,-95.5534740788846,0.537206793768163,0.184035521730621,0.161195976321385,0.88243829182017
28.8429721119772,-95.4611496324204,0.542904071520396,0.186841963104457,0.161126915280112,0.890872949904966
28.8855546218909,-95.3699614204069,0.547462587534246,0.189387793044108,0.161114385437357,0.89796476601571
28.9477894117613,-95.290319460873,0.550536762300773,0.191653559752927,0.160600030511445,0.902790352565144
29.0095140051349,-95.210264834032,0.553403436423496,0.193355624557144,0.160119159016236,0.906878219996876
29.0703794511457,-95.1295493257075,0.555854180395397,0.195037902207344,0.159374912713675,0.910266995316415
29.132948028264,-95.050158606853,0.557155076615464,0.196618580985967,0.158670441689449,0.91244409929088
29.1861565728864,-94.9642483141629,0.554699109983033,0.202856241368192,0.158522502501515,0.91607785385274
29.2380690046209,-94.8774997375073,0.557022725188347,0.204188553850067,0.158124966443555,0.91933624548197
29.2866261049325,-94.7888465286909,0.559132026885079,0.205460045031592,0.157684361247332,0.922276433164004
29.3558970641826,-94.7192992024343,0.558382855872396,0.207950133890334,0.155089308204852,0.921422297967581
29.4391057326135,-94.6670588785984,0.555015634402964,0.208203294127871,0.154277811778242,0.917496740309076
29.4769004021797,-94.5734305557545,0.557175486320338,0.208974625687883,0.154576191100974,0.920726303109194
29.5153493480486,-94.4799404574178,0.559744252614939,0.20995462631816,0.155124851392086,0.924823730325185
29.5505136737483,-94.3851578604897,0.562076724651088,0.211102479096751,0.155601299488356,0.928780503236196
29.5866398377611,-94.2907377246236,0.56068652286581,0.215415613715182,0.155796519233043,0.931898655814035
29.6241791423323,-94.1968708112227,0.575814584620878,0.216361674070371,0.142153785292192,0.934330043983441
29.6584564218964,-94.1017906708681,0.577148381702257,0.217148661674661,0.142265769028933,0.936562812405851
29.6805964088426,-94.0033376734683,0.57947055841336,0.218212121113527,0.142527255767417,0.940209935294304
29.6812241127152,-93.9023182091424,0.583910968855168,0.21984373979147,0.142522602782331,0.946277311428969
29.7089502066056,-93.8055184194983,0.585102810152777,0.211182256956381,0.152119527013061,0.948404594122219
29.7422292918847,-93.7102166654514,0.605111030990652,0.19242968308535,0.1523771206789,0.949917834754903
29.7559636849606,-93.6101042808427,0.608470317902366,0.17955315213367,0.166278508513746,0.954301978549782
29.7671074509258,-93.5096270829097,0.611760032153229,0.180555583912882,0.166247416016458,0.958563032082568
29.7658627778346,-93.4087633742767,0.610723279149672,0.181574741047052,0.171627802382143,0.963925822578867
29.7690566039694,-93.3083067231283,0.621990212768794,0.175031115373531,0.171918018760711,0.968939346903035
29.7749060984912,-93.2079795035091,0.625243263145379,0.17547870273214,0.172476320594068,0.973198286471586
29.7558166145328,-93.108734279999,0.631590849432416,0.175936660592073,0.17302312996727,0.980550639991759
29.7309887362263,-93.0107516153032,0.649836367066556,0.165303580864475,0.173206672303386,0.988346620234417
29.6966795842622,-92.915705477065,0.657210482715995,0.169781731177822,0.170218882676364,0.99721109657018
29.6578033381241,-92.8223843784761,0.665371000602624,0.170860190439801,0.170214354023286,1.00644554506571
29.6195177469906,-92.7288357948214,0.672986948347646,0.171871837595575,0.169995074891521,1.01485386083474
29.591331775204,-92.6318076256318,0.691947257693304,0.160984146690548,0.170337269467363,1.02326867385122
29.5726011828423,-92.5324900540572,0.700119079835488,0.159824274340866,0.170716768733019,1.03066012290937
29.5554253517158,-92.4328868236467,0.716310388427336,0.149470216924659,0.171631230740662,1.03741183609266
29.5345690716168,-92.3339907543768,0.709570278597206,0.162578093438856,0.172110284051702,1.04425865608776
29.5517166474753,-92.2362045836756,0.7088671468053,0.164937735893925,0.17249910516207,1.04630398786129
29.5846912265955,-92.1411086004505,0.70709519364885,0.16530934190123,0.172612707583993,1.04501724313407
29.5795960657727,-92.0408441848706,0.709794092017873,0.166208557708966,0.17288773576447,1.04889038549131
29.5368026696554,-91.9497144118348,0.702836049590147,0.168066307893286,0.186834386625489,1.05773674410892
29.48603359604,-91.8626077679206,0.709849146632386,0.170066255143258,0.187736895855779,1.06765229763142
29.4927660334761,-91.7653004213624,0.710346793574735,0.171769882551398,0.188287883059219,1.07040455918535
29.57397098222,-91.7060292310744,0.701589363219343,0.171847213019442,0.18797236905562,1.06140894529441
29.6299606665415,-91.6249680285916,0.694991391820714,0.173468945973855,0.187920994959356,1.05638133275393
29.5953409159918,-91.5408163801603,0.699549050553647,0.175421989367578,0.188670623049968,1.06364166297119
29.5045985225764,-91.5176969756695,0.710252975125347,0.177221032587009,0.189641394197286,1.07711540190964
29.4780712037369,-91.4203088830427,0.713668368552182,0.17952657943964,0.190307404114642,1.08350235210646
29.4192474422171,-91.3408460165952,0.720302933938014,0.181738484758846,0.190956333390338,1.0929977520872
29.3199564139146,-91.3405112092235,0.731507780305368,0.182852218659601,0.191739138333625,1.10609913729859
29.2472287915013,-91.2784828778223,0.728775805681547,0.1956746709424,0.192217497311365,1.11666797393531
29.2242035835852,-91.180592903705,0.730348001066504,0.198281170801892,0.192587535244002,1.1212167071124
29.1980920633108,-91.0838638202669,0.737191481038395,0.2023982129131,0.18575617141088,1.12534586536237
29.1273702673785,-91.0128104634732,0.743530332120218,0.204630382519023,0.186333260014318,1.13449397465356
29.0568665689336,-90.9416271539458,0.750269833459762,0.21948521883197,0.173824758912669,1.1435798112044
29.0444654827079,-90.8427955200559,0.749856536576429,0.22117556760196,0.174118023878383,1.14515012805677
29.0473597452205,-90.7417850944182,0.748043406736258,0.223054515677695,0.174493815406024,1.14559173781998
29.0712281815229,-90.6437797627328,0.744974261733428,0.224427633207321,0.174929102673737,1.14433099761449
29.0885423531458,-90.5453271954638,0.74293690872716,0.22571675586722,0.175614012607408,1.14426767720179
29.0536320503773,-90.4507012261455,0.745709822959509,0.22776413678469,0.176421979315141,1.14989593905934
29.0560656529062,-90.3507337248082,0.744217224361963,0.229510069113861,0.177017485500986,1.15074477897681
29.0994026725446,-90.2622803491406,0.739025854819708,0.233211981552068,0.174212883249262,1.14645071962104
29.1016501475626,-90.1667816614871,0.750356458740341,0.222092276074135,0.174836938033157,1.14728567284763
29.1688656791734,-90.0913858238575,0.743303645817711,0.201382561927305,0.196151946006434,1.14083815375145
29.2240728629483,-90.0068656982402,0.736536001640436,0.201343523919174,0.196427659872403,1.13430718543201
29.2847428369685,-89.9311949515478,0.729232820530101,0.201721999974475,0.195940497715293,1.12689531821987
29.3225308877946,-89.8377857362477,0.723296027399579,0.202199187365779,0.196406466446787,1.12190168121215
29.361733239217,-89.7446632970664,0.717276358600671,0.202752272103595,0.197085836811357,1.11711446751562
29.4161653495151,-89.6597433265255,0.710462877669213,0.203155104198918,0.197533905111682,1.11115188697981
29.492709374011,-89.5943798017694,0.687595307673493,0.217610299882243,0.197273750767613,1.10247935832335
29.5764284213623,-89.5378681637348,0.678456060514574,0.217116968351497,0.196430558298147,1.09200358716422
29.6431676517524,-89.4622350363333,0.685733894482883,0.202957505269145,0.195797530886525,1.08448893063855
29.7012243863593,-89.379562796705,0.67996197150992,0.203058135345948,0.195146191829029,1.0781662986849
29.7575908121888,-89.2960831612229,0.675069533657711,0.203159809300565,0.194544493012535,1.07277383597081
29.8449073168455,-89.2460835211674,0.665255562328128,0.204788607583127,0.192834022887734,1.06287819279899
29.9377402146293,-89.2061232412991,0.658883123491298,0.207613978809715,0.186790340900921,1.05328744320193
30.0358687740404,-89.1849024736447,0.64988866930799,0.206674250597577,0.185140318616017,1.04170323852158
30.1358100609539,-89.1985339638784,0.64041013735828,0.20508961652331,0.183490941949992,1.02899069583158
30.2060925745721,-89.1338726650904,0.63507716962704,0.218893417250755,0.168059532580227,1.02203011945802
30.2199969705303,-89.0347269033434,0.63509886636318,0.21971788241213,0.167447045396069,1.02226379417138
30.2139118433517,-88.9355328640949,0.637294794069198,0.220578825569173,0.167356777319717,1.02523039695809
30.2511867892323,-88.8433758759608,0.637340496903368,0.219404870418116,0.166488480840256,1.02323384816174
30.2375479753176,-88.7432919131315,0.639870453991561,0.221566246281984,0.166298248559034,1.02773494883258
30.2267776106506,-88.6428365421778,0.641295686206132,0.224746899250644,0.165884886838871,1.03192747229565
30.2245883063296,-88.5420499656877,0.644441217575999,0.226103205868148,0.16512017060402,1.03566459404817
30.2001091240746,-88.4453956136661,0.648811670674197,0.228417112461031,0.164588592661998,1.04181737579723
30.2254596236717,-88.3477015941504,0.650223748197022,0.239773917313812,0.153469476494411,1.04346714200525
30.2394832245249,-88.2475875703911,0.65020137030958,0.24363529473929,0.152422195812151,1.04625886086102
30.2498397310582,-88.147034664489,0.653421077084479,0.245182577160227,0.150059922891455,1.04866357713616
30.2346895939217,-88.0488670457188,0.65260577616994,0.251224864524856,0.149235527822536,1.05306616851733
30.2237183615043,-87.9504247284283,0.655629989541887,0.253259494329042,0.148281315394953,1.05717079926588
30.2305622656664,-87.8498167586424,0.657220090497424,0.254868564647993,0.147459561331963,1.05954821647738
30.2370861982599,-87.7491981018159,0.672801196322478,0.23842192782333,0.149962494502307,1.06118561864811
30.2534435250506,-87.6494380762589,0.679834616352061,0.231685991211504,0.149142101049508,1.06066270861307
30.273677715802,-87.5504047713599,0.679346723345445,0.232095577788094,0.148132627122174,1.05957492825571
30.292797705647,-87.4511415367853,0.680914418873318,0.230785265483771,0.146998487523247,1.05869817188034
30.3148231755027,-87.3525475370401,0.680483219920221,0.230591745875142,0.145862286996224,1.05693725279159
30.3166870130489,-87.2521656576034,0.681238732788841,0.22217610109101,0.153788900895409,1.05720373477526
30.3289573970598,-87.1518460153075,0.681656564413358,0.222396049119672,0.152412989632233,1.05646560316526
30.347697205275,-87.052524482604,0.681203565172047,0.222407281936788,0.150625284832906,1.05423613194174
30.3651779708677,-86.9529539042475,0.681319673731253,0.222673903309566,0.148837534516603,1.05283111155742
30.3806846258968,-86.8530571432102,0.680931679915704,0.223234789593277,0.146926852399153,1.05109332190813
30.3926463676397,-86.752680932199,0.681046123741281,0.22401174883131,0.144966308504719,1.05002418107731
30.3976525849647,-86.6517513021362,0.681959472417717,0.225150576364937,0.142985212999149,1.0500952617818
30.3901495390429,-86.5509783462853,0.684181029501504,0.226437347456098,0.141250003947294,1.0518683809049
30.3837487318142,-86.4500954678036,0.69943563031174,0.214159644670326,0.139305456666651,1.05290073164872
30.3725830384386,-86.3496566803017,0.695443303957761,0.221616810334252,0.137508355828422,1.05456847012044
30.3519615956545,-86.250725780094,0.698757558784215,0.222860054488349,0.135952947175692,1.05757056044826
30.3240288680732,-86.153572040469,0.701275679669885,0.224155235434793,0.134424100643459,1.05985501574814
30.2928222209381,-86.0574264666587,0.704341688919079,0.225418458480424,0.132605269425025,1.06236541682453
30.2559928947476,-85.9632916965093,0.70711183915479,0.226761450499835,0.130870106545105,1.06474339619973
30.2124231268986,-85.8721064587106,0.702379276002911,0.23632490661434,0.12926806953199,1.06797225214924
30.1615297195263,-85.7847867576857,0.705794986213865,0.23790083091751,0.127738910590473,1.07143472772185
30.102333840096,-85.7028750602445,0.71762807517303,0.231196841147496,0.126306825180674,1.0751317415012
30.0593450183388,-85.6115529519016,0.718156240855008,0.235173778817467,0.124377437112927,1.0777074567854
29.9908607876163,-85.5377972035503,0.721297593914934,0.237648721350446,0.123263677951375,1.08220999321676
29.9549843266395,-85.4457389462404,0.729567224896222,0.231203360164277,0.122672580059561,1.08344316512006
29.8775129718312,-85.4088231257627,0.732596769555983,0.232590919342695,0.122147450921317,1.08733513982
29.7769008925102,-85.4155520532596,0.736564528490938,0.23336186785454,0.122842084154728,1.09276848050021
29.6825072957706,-85.38407107465,0.739334187876558,0.23470370357475,0.123051177264945,1.09708906871625
29.6847180487809,-85.2902865715576,0.73931291413173,0.236023997382611,0.120983608621966,1.09632052013631
29.656636915058,-85.1950765517031,0.739750111780203,0.237484997746745,0.119288291617331,1.09652340114428
29.6231790049752,-85.1001291153683,0.740606854634628,0.238053119270499,0.117530134790133,1.09619010869526
29.590087545073,-85.0109674396703,0.740335419594438,0.239381550879991,0.116302428798695,1.09601939927313
29.6357900207587,-84.9208702777361,0.738865073297828,0.240380296447786,0.114173301221134,1.09341867096675
29.6705605164343,-84.8260346008787,0.737067784049088,0.241560989059563,0.112406441561725,1.09103521467038
29.7217337022618,-84.7395922203345,0.740630210967192,0.237177082918958,0.110571423274405,1.08837871716055
29.782676742415,-84.6597591439889,0.737757856237839,0.241878639190731,0.105352082669322,1.08498857809789
29.8168484240421,-84.565357602828,0.735123029682902,0.244733048799905,0.10363812767286,1.08349420615567
29.8845607980548,-84.4905752097422,0.743915817899405,0.246665624683723,0.0885567095146955,1.07913815209782
29.8988265236961,-84.3933310301973,0.737370231599755,0.253575216715034,0.0870006772907546,1.07794612560554
29.9483439069586,-84.3373949705128,0.73966149020691,0.249467044230721,0.0854642977771892,1.07459283221482
30.0393404045269,-84.3158576253243,0.747781381101482,0.23766660321384,0.0841602242667318,1.06960820858205
30.0698867451427,-84.2220924444662,0.745908183072221,0.240048658523221,0.0826838530554084,1.06864069465085
30.080830379797,-84.122046648589,0.745515842419299,0.242145884157901,0.081773175028975,1.06943490160617
30.0998706799912,-84.023252001119,0.744699373899592,0.24418540771538,0.0807929807580541,1.06967776237303
30.0560151807175,-83.933915722802,0.746269188884651,0.2454509111432,0.0804007271873694,1.07212082721522
29.9985996710841,-83.8509501065405,0.748880934296267,0.246261890087446,0.0806432523453079,1.07578607672902
29.9583129558743,-83.758263292583,0.73596407831261,0.261506280220497,0.080680698932247,1.07815105746535
29.9093436464439,-83.6701104631862,0.727237359267308,0.273180207980974,0.0810474723627788,1.08146503961106
29.8310510868111,-83.6085369225095,0.730376195496449,0.273229168537994,0.0820577936006561,1.0856631576351
29.741003446907,-83.5674764676427,0.724618459587849,0.28166160597974,0.0833286937087338,1.08960875927632
29.6991297614468,-83.4758033429867,0.737814187069745,0.276055180897442,0.0783911085909547,1.09226047655814
29.6368225324205,-83.3991574504059,0.739859691059587,0.276623076214471,0.0789758600277947,1.09545862730185
29.5368809741782,-83.3873425344657,0.726999266406783,0.290481277897193,0.0800889421730195,1.09756948647699
29.4564705912063,-83.3298111264928,0.728198711459035,0.290479302397707,0.0807530345832163,1.09943104843996
29.4161528510181,-83.2375447842632,0.729195148364034,0.291683912044455,0.0811130003459869,1.10199206075448
29.3385126120316,-83.1800335973839,0.730010463960601,0.292359610643255,0.0818121751271964,1.10418224973105
29.263883997064,-83.1235324041426,0.721437578603361,0.292801051864656,0.0914269187269361,1.10566554919495
29.1910846987879,-83.0652592509691,0.708840889942559,0.296357656074356,0.101963137094443,1.10716168311136
29.1250991556501,-83.0197053733704,0.698813086748061,0.292553763655922,0.116925921218728,1.10829277162271
29.1647350754945,-82.9267853107204,0.69915034472545,0.294350650340425,0.117755846014798,1.11125684108067
29.1532793568021,-82.8291119771842,0.699713894587722,0.295624614570154,0.119010513199309,1.11434902235719
29.0835487806192,-82.7651200200373,0.700187067968923,0.295909064015553,0.120341793858146,1.11643792584262
28.9854785155035,-82.7601640233992,0.696958239331747,0.297158705908134,0.12090118850239,1.11501813374227
28.9095210800856,-82.6950852988357,0.696661619151188,0.286437426949085,0.132640342459638,1.11573938855991
28.8106233770729,-82.6991494367084,0.687801852476748,0.292084102417919,0.133612813805367,1.11349876870003
28.7136044079207,-82.7205984621323,0.686364275360422,0.290146970525461,0.134785904991625,1.11129715087751
28.6286191462413,-82.6667411135123,0.672060317959466,0.303521433661047,0.136774485253187,1.1123562368737
28.5291637200238,-82.6594156933952,0.671048702585366,0.302926696818964,0.138530303414183,1.11250570281851
28.4328832250793,-82.6896074066364,0.669842678692749,0.301797036396583,0.13951529470404,1.11115500979337
28.3392685010774,-82.7276558164167,0.668411452697166,0.300070105881135,0.140682512849266,1.10916407142757
28.2421636435735,-82.7536831039704,0.669832013752491,0.28104709450886,0.155696451932264,1.10657556019362
28.2145155823133,-82.8479630522187,0.666203629496691,0.282315167987571,0.154892989246162,1.10341178673042
28.1218027322434,-82.8513009211323,0.66694306847447,0.277170311786278,0.156194725166571,1.10030810542732
28.0241666714199,-82.8261320524083,0.663255331750724,0.276050763115167,0.157683454782937,1.09698954964883
27.9257331239207,-82.8450240449869,0.659697917152035,0.274742734739923,0.158655011197198,1.09309566308916
27.8293972939397,-82.8321161656438,0.658624697578037,0.272272160293331,0.160296003807861,1.09119286167923
27.7531187192936,-82.7660052362408,0.657161938282389,0.256121952607173,0.178963716348606,1.09224760723817
27.6576436848999,-82.7452255878254,0.654134276782345,0.256363797255235,0.180553470948267,1.09105154498585
27.5603727525607,-82.757206747953,0.650457162854986,0.216429482113398,0.221173659089447,1.08806030405783
27.4699716506171,-82.712019249661,0.647668437447964,0.216744831701935,0.223393210233713,1.08780647938361
27.391895944792,-82.6483727941542,0.645441316186857,0.217637608745407,0.224991853512289,1.08807077844455
27.3094898093222,-82.5902484109939,0.643435495430716,0.231675145662937,0.213038413500675,1.08814905459433
27.2298161541458,-82.5282938686157,0.641086336695804,0.232072515419116,0.2154494212084,1.08860827332332
27.1419689897512,-82.4793197777792,0.638037805829547,0.23269263871776,0.217501640363948,1.08823208491126
27.0497335760568,-82.4382534344607,0.643627074891744,0.224499805899561,0.219502949114612,1.08762982990592
26.9630975653269,-82.3861687624995,0.640951582854096,0.225065768693276,0.221424620287562,1.08744197183493
26.8800277734283,-82.3288540435294,0.638911551980875,0.229746706070569,0.218662232841505,1.08732049089295
26.7944360554094,-82.2762568334993,0.638440614079856,0.216083180048284,0.231435949647512,1.08595974377565
26.6956034596809,-82.2558621606626,0.63532599633597,0.207967068815231,0.241283783799366,1.08457684895057
26.6011554000484,-82.2211935007543,0.622738287538941,0.21770114334216,0.243155521424336,1.08359495230544
26.5041728043054,-82.1935021296117,0.619531034694634,0.222258016904966,0.239462243936125,1.08125129553572
26.4309212487989,-82.1276715994268,0.618395434020518,0.222182907588555,0.240008402678397,1.08058674428747
26.4418529132744,-82.0324929241412,0.619841016141293,0.222834541496577,0.239624275861132,1.082299833499
26.4527877669778,-81.9387475552063,0.621751069481442,0.222211157897429,0.240545846036364,1.08450807341523
26.375058628832,-81.8749322802946,0.618992863523208,0.234872777986455,0.227714047879617,1.08157968938928
26.28426647749,-81.8311960572091,0.621972818266354,0.228736622698785,0.227565289884438,1.07827473084958
26.184676362454,-81.8151822382827,0.62050489117109,0.226223883219119,0.227695327541584,1.07442410193179
26.0858109615825,-81.797614463244,0.617301335839956,0.224987567247018,0.228602057625607,1.07089096071258
25.9929925849029,-81.7600891942153,0.614178147074124,0.225048568709379,0.228562200330895,1.0677889161144
25.9268543068454,-81.6961619610998,0.612331186039296,0.22560057880538,0.228918153067271,1.06684991791195
25.8705899062474,-81.6525300675916,0.610248315630509,0.23283358664071,0.222229291803652,1.06531119407487
25.845738810948,-81.6228600479027,0.609259376334654,0.233004487750729,0.222346879472144,1.06461074355753
25.8447126420978,-81.5229883237909,0.609678766870692,0.235574272490218,0.220320640288547,1.06557367964946
25.7884074668132,-81.4394885486284,0.607677775896014,0.236139293752978,0.220054143499689,1.06387121314868
25.7227721232705,-81.3673785700511,0.605386048139587,0.236084212147658,0.219464086979193,1.06093434726644
25.6475290967937,-81.3033578283622,0.601718479367113,0.236801380683135,0.218441756132476,1.05696161618272
25.5750172196003,-81.2343721106216,0.594718313271844,0.240361085111829,0.217385129269591,1.05246452765326
25.4832923420882,-81.1920096078403,0.597065592878906,0.240725971439109,0.20968181241115,1.04747337672916
25.3922162955566,-81.1490710578927,0.593202971740727,0.235461164320928,0.212958947483042,1.0416230835447
25.2926001727154,-81.159962480223,0.581654305588798,0.238099237999598,0.215810414693644,1.03556395828204
25.1947040558807,-81.1601998614938,0.577696203872626,0.237489179595322,0.213632565178624,1.02881794864657
25.1207003519597,-81.0917095275642,0.57398015306591,0.235644376803436,0.212467886852091,1.02209241672144
25.0430091571072,-81.0272266225791,0.570344477288955,0.226480734611522,0.218220982353262,1.01504619425374
25.0076737215732,-80.9339779766483,0.56186923796066,0.231326585350485,0.217694805949573,1.01089062926072
24.9724434008041,-80.8405115611188,0.56002530798989,0.236081341411577,0.209724143271029,1.0058307926725
24.908767618382,-80.7624816203861,0.556637692304261,0.234099299222907,0.20814816658262,0.998885158109788
24.8964165462282,-80.6643464426137,0.557995305710416,0.229163196454056,0.207825973687261,0.994984475851734
24.9537526948785,-80.5821949866988,0.55848027790708,0.228801296844968,0.209211903900894,0.996493478652942
25.017056555349,-80.5034128337511,0.559464699809181,0.228253194719597,0.210850257194984,0.998568151723761
25.0873661278604,-80.4308894047343,0.561667239281002,0.227882699596799,0.212482086999573,1.00203202587737
25.1564978174058,-80.3584202705583,0.564631746957956,0.236551301440977,0.204210316367951,1.00539336476688
25.2470090529282,-80.3136230932328,0.56790926325926,0.237756110829927,0.205648354434371,1.01131372852356
25.3316916152265,-80.2584283577,0.569963127704089,0.237924479598364,0.20777985275896,1.01566746006141
25.4194195425412,-80.2082128290392,0.57308367926637,0.238688311296115,0.209848890033949,1.02162088059643
25.5144837370264,-80.174937606301,0.57641302153152,0.240853662148671,0.212324204092611,1.0295908877728
25.6142455030579,-80.1586929087625,0.588650029031668,0.234191051969838,0.214905914191236,1.03774699519274
25.7148989076275,-80.1494210624064,0.592876401685904,0.235526451679603,0.217291785120136,1.04569463848564
25.8121065264036,-80.12252760819,0.593953034213745,0.236537274561877,0.223165168375539,1.05365547715116
25.9127600856224,-80.1211782383429,0.600408887502975,0.237554087845694,0.225039535986734,1.0630025113354
26.0135374291497,-80.1146519616174,0.607117693106491,0.240797226373399,0.224272910366626,1.07218782984652
26.1139730959899,-80.1031362178439,0.606291012020521,0.248932062027104,0.225880438495091,1.08110351254272
26.2142512053016,-80.0905345743652,0.6102601839271,0.251264256765054,0.227747447417258,1.08927188810941
26.313955803868,-80.073908133021,0.604652273718774,0.265592818468641,0.229281522756289,1.0995266149437
26.4144902427048,-80.0633133639789,0.609231500536202,0.269999044700991,0.230418362807519,1.10964890804471
26.5143182955337,-80.0476409894302,0.619439374991106,0.269680571569629,0.231149119541778,1.12026906610251
26.6147758440565,-80.0376318468209,0.629104699897178,0.270338183443406,0.231632966573336,1.13107584991392
26.7158436204822,-80.0352750164907,0.649371607648937,0.256300632867999,0.235325185497891,1.14099742601483
26.8168062379976,-80.0374873933393,0.658690361847079,0.256494838353075,0.235978515223749,1.1511637154239
26.9143064146131,-80.0636773493377,0.66674839201899,0.256658729833326,0.236937041726954,1.16034416357927
27.0112586549826,-80.0921202330429,0.689787388373763,0.240899256952874,0.239195284220919,1.16988192954756
27.103863620508,-80.132529180691,0.697685634951412,0.229245678975544,0.251147397866765,1.17807871179372
27.1989149481299,-80.166523141143,0.705743885304916,0.228192586767148,0.251896920944248,1.18583339301631
27.2891758963613,-80.2119961557981,0.711844808052523,0.227359251025547,0.252377400551618,1.19158145962969
27.3815204410565,-80.2531118458599,0.718522648865625,0.225686883952627,0.25232995636458,1.19653948918283
27.4742063062183,-80.2933644208597,0.72504065372008,0.224005789179849,0.252187981526942,1.20123442442687
27.5704978941566,-80.3240940309286,0.731878224351687,0.222454655119576,0.252498995664263,1.20683187513553
27.6659673739333,-80.3572497662234,0.740838460291339,0.228619215084307,0.243591284348903,1.21304895972455
27.7595391330998,-80.395501084386,0.759263035242579,0.228276003186141,0.23006716965215,1.21760620808087
27.8500254197657,-80.4405100800104,0.764089184115884,0.215910770423537,0.240420409801005,1.22042036434043
27.9376242694606,-80.4909711045673,0.771257153968917,0.210423317036038,0.240444322303427,1.22212479330838
28.0273026598949,-80.5375895445814,0.768457495848535,0.214893415233753,0.24025290463779,1.22360381572008
28.1210778870021,-80.5751686404837,0.755175272493589,0.230189353850811,0.23986434510236,1.22522897144676
28.2194065165918,-80.5981631588022,0.759318800366004,0.241095184546363,0.227295292395243,1.22770927730761
28.3198686180327,-80.6093380332594,0.763808697761642,0.23979845746443,0.227370843576326,1.2309779988024
28.4089254128704,-80.5738377297494,0.769791170156059,0.239876848856765,0.22771448987809,1.23738250889091
28.4879635506015,-80.5221074047318,0.79155129806955,0.237324679346166,0.215751609161044,1.24462758657676
28.5767996731773,-80.5685710431331,0.794379094082713,0.234709751068638,0.214701128939441,1.24378997409079
28.6552805334853,-80.6322789612945,0.795476257250852,0.231942598579198,0.213586540346331,1.24100539617638
28.7357036506783,-80.6935252735695,0.796226506658642,0.2289057900765,0.212820170406813,1.23795246714196
28.8187138774979,-80.7511853946038,0.783484137380595,0.239364451287637,0.212142848643773,1.234991437312
28.9035201839611,-80.8061956143382,0.781602482306967,0.240895346104176,0.211448558569679,1.23394638698082
28.9872599225902,-80.8628251377141,0.787062027272288,0.23556099655802,0.210503599810827,1.23312662364114
29.0716742199978,-80.9184521132886,0.789675723018961,0.247432583825566,0.195792571084987,1.23290087792951
29.1577992157971,-80.9713437648189,0.791383660842299,0.257401535292193,0.18446649210337,1.23325168823786
29.2478632707692,-81.0172270304337,0.793216615244653,0.265173984486067,0.17543497679316,1.23382557652388
29.3389127892708,-81.0611624744094,0.793900108508148,0.26380383055415,0.175412869086157,1.23311680814845
29.4305331892331,-81.1038935029429,0.795945618997815,0.271402298543033,0.164414949590829,1.23176286713168
29.5219155301711,-81.1471312011176,0.820311240233471,0.244681469563096,0.164107531612594,1.22910024140916
29.6138184913869,-81.1892207103488,0.818884166565718,0.250816317510584,0.15632472168548,1.22602520576178
29.7067625049602,-81.2289661351824,0.831625913376741,0.247398124094229,0.144256426391153,1.22328046386212
29.8032150122694,-81.2573237681947,0.830006031514694,0.262331740010041,0.129038838966623,1.22137661049136
29.9006941126313,-81.2815120919929,0.845291411118206,0.252808603925764,0.122589791615338,1.22068980665931
29.9951092234894,-81.316938436897,0.8456350356863,0.25113707446177,0.122944545553828,1.2197166557019
30.0937339002758,-81.3391455362416,0.845476350485113,0.251352975290265,0.122144065815386,1.21897339159076
30.1918487665986,-81.3634943124733,0.858258627459638,0.238204318320083,0.121297681267179,1.2177606270469
30.2895772401638,-81.3891231017915,0.835304655415426,0.259686791312188,0.120593669495021,1.21558511622263
30.3905119727672,-81.3920027419071,0.849150690621791,0.245893147931912,0.120965146473571,1.21600898502728
30.4881473264608,-81.4165635336469,0.885392579126037,0.222060201568926,0.106271517731143,1.21372429842611
30.5849361489085,-81.4436838987813,0.884090465695627,0.220544484670624,0.105539232328497,1.21017418269475
30.6842042129875,-81.4263408487936,0.884487826895344,0.219639221929227,0.106292294214478,1.21041934303905
30.7751387077633,-81.4599639226707,0.881732725535559,0.217367703620787,0.105249304483384,1.20434973363973
30.865570153402,-81.4153885214614,0.880836233682698,0.218884171296653,0.106787894184893,1.20650829916424
30.9649051593283,-81.4061107000375,0.876937965886181,0.219110578048508,0.107361300578953,1.20340984451364
31.0655280841845,-81.4127261137032,0.871701642534343,0.218844709745711,0.107419484695951,1.197965836976
31.1540859866231,-81.3698186206003,0.870291430022628,0.220612114243926,0.108625362271973,1.19952890653853
31.2192747551613,-81.2929926298665,0.87196446639883,0.225111552020002,0.10989331957039,1.20696933798922
31.3160308515108,-81.2845775835088,0.869103869703658,0.224131318017591,0.110173509574113,1.20340869729536
31.4062559507885,-81.2646130158486,0.866477240058523,0.234564711400273,0.100535519747407,1.2015774712062
31.4821963566655,-81.1986732313958,0.86737535934733,0.243556740110963,0.0959666958698674,1.20689879532816
31.5700642866158,-81.1487185313083,0.866756929282985,0.241518155199038,0.101078489502644,1.20935357398467
31.6681872861435,-81.1313064793865,0.864808038196703,0.241151649484507,0.101312445763725,1.20727213344493
31.756000813063,-81.088129386287,0.854161013871452,0.236001168270715,0.118548546971991,1.20871072911416
31.8314282584202,-81.0208727430104,0.852292695783196,0.239319245841591,0.120970766578869,1.21258270820366
31.8983818577595,-80.9453466113825,0.853103385206595,0.241486386375367,0.12429696985552,1.21888674143748
31.967182529412,-80.87231954753,0.85414203961569,0.243518149709011,0.127820043887495,1.2254802332122
32.0543757627043,-80.8321809829906,0.850298026448369,0.245807666276014,0.129548858389242,1.22565455111362
32.1333093994182,-80.7820925104181,0.847943143017832,0.24670249797322,0.131629957682686,1.22627559867374
32.1819838447567,-80.6948616249747,0.854935195777125,0.229372345345631,0.149532641078031,1.23384018220079
32.2575441289545,-80.6281281826274,0.851277173311074,0.231696843460543,0.152347372202249,1.23532138897387
32.2885505914567,-80.5328173439479,0.853792566770582,0.248684318067315,0.142878070693459,1.24535495553136
32.3331354068969,-80.4466420699965,0.855590959934175,0.250071454426826,0.148590073868626,1.25425248822963
32.4254944264819,-80.4083259184411,0.852677224820318,0.239276446256272,0.160633082882956,1.25258675395955
32.4842544046139,-80.3263589420336,0.861642894437125,0.233886587689411,0.16429629636623,1.25982577849277
32.5362100594142,-80.2402055694324,0.863096853449017,0.236414624679265,0.168385915672716,1.267897393801
32.5707675933426,-80.1454820907428,0.866139448605773,0.239428859260644,0.173077619463435,1.27864592732985
32.6118648601633,-80.0539555013094,0.867749139393424,0.241820894539192,0.177632230217413,1.28720226415003
32.6398341119827,-79.9683732513236,0.869731305324057,0.228798820946798,0.198023601497506,1.29655372776836
32.7013742845824,-79.8960579535391,0.864614644718947,0.229653836400292,0.205919298062648,1.30018777918189
32.7516150871328,-79.8547113825845,0.863727872448866,0.229776871332176,0.208103069384646,1.30160781316569
32.7869175764029,-79.7646140575132,0.866656725784312,0.232911936784362,0.213451490047067,1.31302015261574
32.8529649931732,-79.6921367276837,0.870043322402298,0.232149405876677,0.217582408705623,1.3197751369846
32.8959037601851,-79.6020184909953,0.871824214242198,0.235350632775744,0.222864400529629,1.33003924754757
32.9681937352902,-79.5339156480494,0.874273202309072,0.236373451308248,0.2245881920552,1.33523484567252
33.0126210821392,-79.4512887074412,0.888964289137633,0.226368099048467,0.229526465374686,1.34485885356079
33.0196944222084,-79.3562650401772,0.893083543895149,0.229723540370116,0.235614520393572,1.35842160465884
33.1073904473842,-79.3086370240196,0.891176965827498,0.243327309926916,0.223395307078123,1.35789958283254
33.1503311658712,-79.2174599964073,0.893297959026455,0.245499670742801,0.22890524375054,1.3677028735198
33.2390971252725,-79.1814556467233,0.877521070637806,0.256351383827748,0.23069161698551,1.36456407145106
33.3375023913107,-79.1596165538381,0.858217867651927,0.259236990644997,0.239890806255773,1.3573456645527
33.4305824266801,-79.1205891901962,0.853352198940512,0.257501346868078,0.24217195421428,1.35302550002287
33.510283247305,-79.05869665605,0.851351950772936,0.256340266376198,0.246052615507817,1.35374483265695
33.5847681433898,-78.9903465476574,0.850707670285454,0.255525898807556,0.249655158468804,1.35588872756181
33.6567124974406,-78.9194387066811,0.851076990701146,0.2550672573808,0.253485122669557,1.3596293707515
33.7213905739329,-78.8417471650929,0.852741136934678,0.254850048300422,0.257719535981728,1.36531072121683
33.7777719704653,-78.7579884965128,0.845383754869518,0.261779641306721,0.265421878869462,1.3725852750457
33.8194796146761,-78.6660201324492,0.847267255459108,0.263835048068852,0.270634240838741,1.3817365443667
33.8449600231004,-78.5682539868669,0.845330189653375,0.271938877114677,0.276496475158729,1.39376554192678
33.8765094934333,-78.4722554464029,0.848623543334848,0.274654186250349,0.282061621410014,1.40533935099521
33.9010373767255,-78.3742821076209,0.852214968252564,0.277767101941135,0.288050268026782,1.41803233822048
33.9122372323245,-78.2738772536115,0.856853814762004,0.281002172415184,0.294211598087648,1.43206758526484
33.9093771778399,-78.1728968767082,0.862389760089111,0.284716310789998,0.300751425037125,1.44785749591623
33.9074994138902,-78.07187200039,0.867286980885581,0.288187628685298,0.306982845573808,1.46245745514469
33.8532125710848,-78.0007149923548,0.873775929524487,0.292012377577132,0.313068485543797,1.47885679264542
33.8970087013189,-77.9507912249777,0.884337730088486,0.281554587506446,0.314826301503484,1.48071861909842
33.9870623909223,-77.9073140229333,0.870114323528854,0.292266228125693,0.314703873277198,1.47708442493174
34.0815928608726,-77.871620923324,0.867267982541755,0.290983922724309,0.314443591171845,1.47269549643791
34.1690852124579,-77.8213039679388,0.857904925654196,0.298426680390304,0.31502851396309,1.47136012000759
34.247304872664,-77.7573748223137,0.859027678811104,0.298523247976524,0.317640332139125,1.47519125892675
34.3179523938435,-77.6851097079534,0.8610400056218,0.29872024163564,0.320797432801918,1.48055768005936
34.3824795219688,-77.6073234927529,0.863278517773892,0.29940835592878,0.324144785257965,1.48683165896064
34.4382950911961,-77.5231006275051,0.866387876007347,0.299749396390967,0.327721587097421,1.49385885949574
34.4856251193437,-77.4338082929473,0.875279350519705,0.296011144542625,0.331885500617269,1.5031759956796
34.5272315222383,-77.3416909784996,0.889567656582408,0.287019464785124,0.335875451064571,1.5124625724321
34.5791163817569,-77.2549565784967,0.892699485159112,0.276462337125582,0.35072607376998,1.51988789605467
34.6237340319106,-77.1644580483412,0.897330410125134,0.278167900620779,0.353917237644613,1.52941554839053
34.6511405178351,-77.0671732752201,0.90457471174122,0.280481764594371,0.358011701111677,1.54306817744727
34.6735190588365,-76.968629596056,0.911972295243341,0.282197149446885,0.36336126222058,1.55753070691081
34.6883582368657,-76.8686312870984,0.91099482346194,0.29371103082934,0.367838357675363,1.57254421196664
34.6955325654167,-76.7678875644981,0.918214188203026,0.297066511849788,0.372880968256373,1.58816166830919
34.6961572830576,-76.6668010572419,0.926386255734757,0.300417060214062,0.377690770646136,1.60449408659496
34.6593948648102,-76.5764568102164,0.934928333979471,0.303336212746999,0.383518397961531,1.621782944688
34.5920191792355,-76.5179453317714,0.941881708302805,0.306980332274938,0.38704473545421,1.63590677603195
34.6803689337744,-76.469511925885,0.937131015891573,0.31095597507329,0.3879486997407,1.63603569070556
34.7622583441517,-76.4113172101598,0.937411531462912,0.336340073031623,0.36233085403167,1.6360824585262
34.834407707291,-76.3405238107317,0.938450794179957,0.335712672455657,0.363651836285936,1.63781530292155
34.8953354292644,-76.2599938130335,0.942035077917786,0.335781087797381,0.365486028322434,1.6433021940376
34.9585334065304,-76.181142100376,0.94681878030734,0.349954128806458,0.352247446971799,1.6490203560856
35.0196135496014,-76.1006686089383,0.951753159267694,0.349575030970035,0.353077981958053,1.65440617219578
35.0714049536927,-76.0138558470685,0.958445018760218,0.349442292868654,0.354224409549055,1.66211172117793
35.1207132176308,-75.9256270609613,0.965620027076983,0.348879452257287,0.354812259287191,1.66931173862146
35.1619748918692,-75.8333711490297,0.966163246067721,0.356448655508235,0.355329784616533,1.67794168619249
35.1931895675062,-75.737274125956,0.964335425887451,0.367565215953901,0.355954264174981,1.68785490601633
35.2291551489641,-75.6429245031734,0.976231219202781,0.363974387034463,0.355918804530353,1.6961244107676
35.2180676000619,-75.5449769934317,0.985326199956702,0.380213572370899,0.344041817333833,1.70958158966143
35.3010194112841,-75.5128676917508,0.995217597749664,0.368745243933029,0.340483020240984,1.70444586192368
35.3986596964889,-75.4872212610989,0.994229126968468,0.364949346175467,0.335956503855728,1.69513497699966
35.4987766601539,-75.4749459871799,0.991389704575236,0.367445400994113,0.325025686495415,1.68386079206476
35.5984248605366,-75.4638528506534,0.987616001126222,0.364029011724914,0.320048455352389,1.67169346820352
35.6971982410131,-75.4848668259292,0.994065581039676,0.345419314256178,0.315655724447751,1.6551406197436
35.7853728082313,-75.5335459581487,0.99111163914958,0.332750012207442,0.311447961447214,1.63530961280424
35.8761150640036,-75.5779411003672,0.981006754693281,0.340381192300582,0.292790560501487,1.61417850749535
35.964602234835,-75.6267420515059,0.97809294377167,0.336465078971959,0.276992934412282,1.59155095715591
36.0513577704702,-75.6786334118578,0.977538222225323,0.318325553058461,0.272545644401723,1.56840941968551
36.1379944343076,-75.7306119401954,0.95150293603998,0.324643773411785,0.267768558351835,1.5439152678036
36.2304246995789,-75.7715380078191,0.93902165494221,0.316855509381765,0.262826143492171,1.51870330781615
36.3246765355496,-75.8079421954327,0.925750505733851,0.314033164318999,0.253024011778715,1.49280768183156
36.4216012794871,-75.8366770865084,0.920830723265226,0.306401950329764,0.239308061436305,1.46654073503129
36.5196771220131,-75.861045603425,0.906919647608104,0.29877525861779,0.234318708723694,1.44001361494959
36.6174317234254,-75.8865095488612,0.903757514597775,0.291473191659502,0.218057859227664,1.41328856548494
36.7094027867825,-75.9283241235643,0.888784404313039,0.282333448272128,0.212850385772216,1.38396823835738
36.8042091141851,-75.9632149523767,0.871152937356992,0.276268521816744,0.205677654750774,1.35309911392451
36.9016809136979,-75.9896600208954,0.854313268830812,0.281882498813124,0.186298964336233,1.32249473198017
37.002287295096,-75.9899965445332,0.849596786126561,0.284997260813485,0.160405665315366,1.29499971225541
37.0895215915271,-75.9433789120089,0.827328617865861,0.292030393932642,0.159095393249927,1.27845440504843
37.1461733819488,-75.859865202029,0.824222146292411,0.292633975577314,0.160576532553228,1.27743265442295
37.2284866769383,-75.8029240542152,0.822657203156345,0.282400693808865,0.159327369025752,1.26438526599096
37.3217833571885,-75.7652195834013,0.80980968468894,0.276839587726071,0.158018378608367,1.24466765102338
37.3915325162625,-75.6925329747622,0.812495297765324,0.267032975085477,0.159260556901816,1.23878882975262
37.4790621238903,-75.6653600225057,0.800921277361403,0.262321261652082,0.157400325397118,1.2206428644106
37.5573059563386,-75.6097607880663,0.783455584121113,0.274186910508542,0.152740080165196,1.21038257479485
37.6516099100231,-75.5829941524901,0.776635167432331,0.275414624252558,0.138562677168264,1.19061246885315
37.7468998294186,-75.5557039738611,0.759458241013985,0.274574748527928,0.136978017956897,1.17101100749881
37.8304975675828,-75.4988726249684,0.752228953027057,0.271678596314817,0.136665766963335,1.16057331630521
37.8601368593639,-75.4148836384555,0.755287997826974,0.274637888158333,0.138885933696638,1.16881181968194
37.8954238017011,-75.3374629601291,0.766496292076624,0.266564883961382,0.140755157011101,1.17381633304911
37.9793134780721,-75.2812028728224,0.748218974083275,0.272594852442182,0.14024258860374,1.1610564151292
38.0583505918798,-75.2181856537937,0.746157013266013,0.264744893588124,0.139935656881246,1.15083756373538
38.1480852278466,-75.172589294257,0.734293749768754,0.260000456187639,0.139065873437964,1.13336007939436
38.2422920458968,-75.1360654344545,0.730339290895904,0.252276798713726,0.129831057224127,1.11244714683376
38.3287233104481,-75.0837815885529,0.71876417192946,0.247948965909925,0.129432730715121,1.09614586855451
38.4240479855816,-75.0518482738102,0.705962434789428,0.237565946030601,0.129425933567692,1.07295431438772
38.524870474583,-75.0528915636917,0.686362107667168,0.226120454556101,0.12971781938076,1.04220038160403
38.6255405155813,-75.0621530949241,0.666323779682631,0.21752356829952,0.126528561871964,1.01037590985411
38.7239128589078,-75.0844598583821,0.646448566070361,0.208617585778612,0.122888482920472,0.977954634769445
38.8231010190254,-75.0886033094957,0.628532608498589,0.190533768050469,0.130417350924314,0.949483727473373
38.9007950794136,-75.0262596037263,0.618772951942939,0.187916185947593,0.131281629766046,0.937970767656578
38.9341322084753,-74.9323315511062,0.61911414347228,0.189320797191286,0.13467886233741,0.943113803000976
38.9533582284884,-74.8342694901996,0.622323193092508,0.191952362044244,0.138612523206631,0.952888078343383
39.0304734748735,-74.772392027996,0.612895821672344,0.190537626840251,0.138926050537415,0.94235949905001
39.1004349128764,-74.7029256551177,0.605369885371569,0.188828980362714,0.141005900340288,0.935204766074571
39.182225208307,-74.6720019447727,0.592733148699028,0.193453018436097,0.132956301748175,0.9191424688833
39.2487259245093,-74.5960876972013,0.587228778720976,0.191415548644542,0.134513174079761,0.913157501445279
39.3087986563491,-74.515602800091,0.582429253904103,0.191172947051433,0.136273932429128,0.909876133384665
39.3532185629992,-74.424855557494,0.580985606367631,0.191913638366689,0.139130919451178,0.912030164185498
39.4207082316793,-74.3500913350024,0.575183151527552,0.191157275726957,0.140230898475171,0.906571325729679
39.5007499562488,-74.2884391759159,0.56644401064381,0.189152242580145,0.140347108380509,0.895943361604464
39.5790452809493,-74.2245606485182,0.558974606577276,0.187098684864895,0.140280117860521,0.886353409302692
39.6599987596852,-74.164071875051,0.552079358054577,0.184011188151424,0.140346672070113,0.876437218276114
39.7405521487914,-74.1032387262109,0.532800981040724,0.193048971706645,0.140301315737797,0.866151268485167
39.8393201550231,-74.0869613160679,0.519467800268669,0.187350299781834,0.138305004038454,0.845123104088957
39.9390604095558,-74.0709575865516,0.505697964550832,0.18184779957641,0.13630811229613,0.823853876423372
40.0377776087121,-74.0492208661513,0.492217087880126,0.176475626575948,0.134483009999879,0.803175724455953
40.1356427073173,-74.0238709271498,0.473100044159991,0.178451052038041,0.132952839637252,0.784503935835284
40.2327365353686,-73.9958086742727,0.463157430448715,0.171803523653362,0.131232865527427,0.766193819629504
40.3311744553689,-73.973963464726,0.450095867773067,0.16740324338428,0.128900978459273,0.74640008961662
40.4305847629856,-73.984208067806,0.436158167470691,0.161684319067089,0.125539700596182,0.723382187133963
40.5181403590352,-73.982070202126,0.424702312816896,0.156723257703612,0.123543459592978,0.704969030113486
40.5610496441811,-73.8911303976814,0.42364542642424,0.158448757136956,0.124781705465673,0.706875889026869
40.5814594461343,-73.792204952074,0.425902304020478,0.161665329632912,0.126801920635827,0.714369554289217
40.5778664378565,-73.691443566224,0.431465965139883,0.166205589900597,0.129522141156499,0.727193696196979
40.5937498256216,-73.5922286471338,0.434183338285853,0.169596951150084,0.131650999090651,0.735431288526588
40.5757264074861,-73.5091029115824,0.436539827799129,0.182967384551703,0.129841123025791,0.749348335376623
40.6198261981625,-73.41833414092,0.434823290003625,0.184773473406658,0.131098473359201,0.750695236769484
40.6228894741157,-73.3182516778139,0.439185111857401,0.191893165863941,0.130212161258251,0.761290438979592
40.6295232315671,-73.2179810664359,0.442689284306983,0.196179759514263,0.131823049722325,0.770692093543571
40.6511933602332,-73.1192394379912,0.444150385325346,0.199333330774017,0.133097370352686,0.776581086452048
40.6773135348355,-73.0216299171899,0.444547639409989,0.206022643587156,0.130993518490198,0.781563801487343
40.7124425895028,-72.9268448845896,0.444188002190584,0.208465488463636,0.131983817534544,0.784637308188765
40.7430094278973,-72.8305056987772,0.445196450966799,0.211330151233843,0.13311333139724,0.789639933597882
40.7699014536933,-72.7330543815166,0.447005228321759,0.214372066569344,0.134000861991762,0.795378156882865
40.7959124660215,-72.6353636443867,0.449866211074168,0.217671646704865,0.134736694900423,0.802274552679456
40.8232389453185,-72.5380317950659,0.44847760601335,0.225735214637591,0.13529777140171,0.809510592052651
40.8516063725702,-72.4410080345464,0.451765254857516,0.22899311443704,0.135718334475649,0.816476703770205
40.8850788497492,-72.3456251583715,0.454141685961654,0.231405122281242,0.135980059764757,0.821526868007654
40.9210515990803,-72.2511460755736,0.456916828218817,0.233459391269294,0.136215746553726,0.826591966041837
40.9567925249027,-72.1565809001847,0.461503004787935,0.233881421339003,0.136339469984362,0.831723896111301
40.9893637809672,-72.0608813618401,0.464958392874339,0.23630988499098,0.136391802241576,0.837660080106895
41.0215981322783,-71.9652706393727,0.468372740818599,0.239931034737592,0.135245497933935,0.843549273490126
41.0548252326355,-71.8714376500705,0.471370822623637,0.242305332668624,0.135275426568802,0.848951581861063
41.1179752566314,-71.7933805360087,0.470432993658328,0.241277638967597,0.135241905498602,0.846952538124527
41.14495126585,-71.6964808976029,0.474276540539429,0.243877818097049,0.135552575879375,0.853706934515853
41.1470353035031,-71.5955227086151,0.480706175249998,0.249119358125357,0.136016936479278,0.865842469854633
41.2039252586826,-71.5529052541003,0.476812551775505,0.255593374015908,0.126579613914093,0.858985539705506
41.2975111241561,-71.5264018102233,0.468001719389509,0.249400903052235,0.125526256901524,0.842928879343268
41.3815408372394,-71.470918673373,0.455795268413549,0.250176466982157,0.125307838079936,0.831279573475642
41.4518606951284,-71.40831321202,0.451104916286177,0.24759289139865,0.124414202811936,0.823112010496763
41.4520390639343,-71.3078937331373,0.456717051755222,0.250058075327615,0.127213181896659,0.833988308979497
41.4642557945724,-71.2147803631902,0.460473421037947,0.253378469831604,0.127264893268906,0.841116784138457
41.4780099141097,-71.1185131811336,0.463774261026283,0.256607231396781,0.127276943258616,0.84765843568168
41.4750587143609,-71.02091929177,0.464371808407385,0.265818792933703,0.127652102781652,0.85784270412274
41.4077088113487,-70.9457640766255,0.479885839743807,0.270743176606272,0.129190177792356,0.879819194142435
41.3599375699045,-70.8568053592103,0.484678204667843,0.284289679817217,0.130424714483176,0.899392598968236
41.3016192601483,-70.7758942362086,0.494524670495997,0.293537574475018,0.131603059088741,0.919665304059755
41.352590900472,-70.690585252477,0.49372954563501,0.29289557923424,0.130996419499947,0.917621544369197
41.3490156055855,-70.5900552453937,0.499531097540248,0.29793047851821,0.131375991104306,0.928837567162764
41.3496085459795,-70.489055656254,0.504693141731937,0.302620265549061,0.131643512660948,0.938956919941946
41.351591022221,-70.3880709584271,0.504694595187806,0.312244728204974,0.131890360829971,0.94882968422275
41.3211470236187,-70.292974228826,0.512779526438385,0.319829872304788,0.132809337433968,0.965418736177141
41.2667313981912,-70.208140759382,0.522775345385703,0.329258206352384,0.133855375736898,0.985888927474984
41.2414871803807,-70.1106119741639,0.530256069406871,0.336535825128144,0.134538078894106,1.00132997342912
41.2390203007759,-70.0096352539737,0.534811193902028,0.341802705467502,0.135030219812659,1.01164411918219
41.306041767649,-69.9656697332972,0.528964660328985,0.337663677940544,0.134711313880958,1.00133965215049
41.3773350489112,-70.0354871613788,0.518232096020701,0.326963661124955,0.13353077540878,0.978726532554436
41.4668090445543,-70.0443410615391,0.508997325785396,0.316510810732815,0.13259627757787,0.958104414096081
41.5516321143513,-69.9894202542052,0.501315582738089,0.322020209218608,0.121810437252269,0.945146229208966
41.6418648914992,-69.9444635906868,0.492354278493778,0.317255352117877,0.120518267044706,0.930127897656361
41.7415199744768,-69.9309917128239,0.489213517943482,0.299455630406827,0.120779743503881,0.90944889185419
41.8412415610111,-69.9462429997886,0.477126521149271,0.290615112695632,0.118317189480661,0.886058823325564
41.9358835748809,-69.9813605633802,0.468188386458065,0.291169318419918,0.102691923512228,0.862049628390211
42.0201891515221,-70.0364094557307,0.456773766177906,0.281844659347136,0.100222396456299,0.838840821981341
42.0692084943959,-70.1234100632127,0.448758821837041,0.273515462032498,0.098268880080505,0.820543163950045
42.0768286201809,-70.2237380968288,0.444778482251063,0.26731188285063,0.0972673151792475,0.809357680280941
42.0637797581316,-70.323949593275,0.443511474109824,0.24967763749423,0.110707100665123,0.803896212269178
42.0482688141087,-70.4238401109152,0.439895713912655,0.248198913305807,0.110286949922664,0.798381577141126
42.0443096094331,-70.5246901149644,0.43710528405676,0.243970178704013,0.109582482778853,0.790657945539626
42.0715828620802,-70.6211975004604,0.436550042309795,0.231300814709628,0.108299416611956,0.776150273631379
42.1430972554102,-70.6902451529224,0.426130702556539,0.222224112720124,0.106238237819754,0.754593053096417
42.2315689191042,-70.7367471933255,0.41743333883523,0.215286163966748,0.100009288947193,0.732728791749171
42.2766682540082,-70.826300356689,0.40936115894692,0.207919092976614,0.0985843942919367,0.71586464621547
42.3399564949036,-70.9002931659568,0.400421715109584,0.199930644283786,0.0966515880003196,0.69700394739369
42.4373389003012,-70.8933432556566,0.39112629394747,0.207207899589749,0.0802856594028053,0.678619852940025
42.5034018426159,-70.8179181185537,0.387445289413463,0.206140283658028,0.0795249297836313,0.673110502855123
42.5502425051738,-70.7284148083019,0.385430105071853,0.220336374083966,0.065643592158905,0.671410071314725
42.5921612929268,-70.6364284892954,0.383424938433681,0.221651330387704,0.0652341710329969,0.670310439854382
42.6706802412772,-70.6052737725567,0.376307220096118,0.217965193911567,0.0639304334008448,0.658202847408529
42.7017692745757,-70.6959345157814,0.370563074794953,0.212120553842133,0.0628073632277693,0.645490991864855
42.7229816236154,-70.7876645623696,0.366238792349647,0.20685813541931,0.0618351293790548,0.634932057148012
42.8211341692867,-70.8091996700641,0.356074153814978,0.200523868432483,0.0603569662785719,0.616954988526033
42.920948674828,-70.8034807823258,0.346998134016255,0.196291762946468,0.0588614626052596,0.602151359567982
43.0046614978646,-70.7479749562919,0.352272603927085,0.183696188194701,0.0580858076542507,0.594054599776037
43.07193399798,-70.6726209962444,0.34874072035393,0.183636440809953,0.0576436101089439,0.590020771272827
43.1439061685422,-70.6021936162453,0.345278093246934,0.204566110201923,0.0358407000202824,0.58568490346914
43.2397261297242,-70.5747509963332,0.339087719819108,0.201441602251098,0.0342391010306318,0.574768423100838
43.3322791662239,-70.5436276134081,0.333671705471482,0.198156750127856,0.0330512588720286,0.564879714471367
43.3437011841347,-70.4447095447968,0.335957361497437,0.201330704187776,0.0340092200819464,0.57129728576716
43.4138958995271,-70.3764872721421,0.335472132507074,0.198008165804203,0.0341847522054959,0.567665050516774
43.492271859383,-70.3237703614649,0.332258057849124,0.199836575656254,0.0304202433202079,0.562514876825586
43.5351182341394,-70.2506698976835,0.331972811134739,0.196617490704489,0.0351309791731741,0.563721281012401
43.5874084673995,-70.1667130132141,0.332069618563881,0.197195288202224,0.0360181856965559,0.565283092462661
43.6311702746351,-70.075639398925,0.333095081468461,0.198475885753646,0.037245936776233,0.568816903998341
43.691503029578,-69.9950483549275,0.341809698456118,0.198272073972538,0.0295210859009233,0.569602858329579
43.7198648622639,-69.9039574197492,0.358931299047929,0.185531006073513,0.030655258142742,0.575117563264185
43.716094299596,-69.8062234265328,0.363345322484606,0.189473868205468,0.032264566367115,0.585083757057189
43.7604007409315,-69.7155871125426,0.367299417467025,0.196569548792132,0.0249217724920762,0.588790738751233
43.8000468853876,-69.6228801301041,0.368810181731275,0.197887764780598,0.0264948998596437,0.593192846371517
43.8306522341016,-69.5272748732718,0.370529503516156,0.200209993907917,0.0276441948433756,0.598383692267449
43.8431944472988,-69.4269640379369,0.373370157546142,0.203739138350256,0.0290835850343809,0.606192880930778
43.8553422019467,-69.3266027366439,0.375836655514252,0.204792559223542,0.0330713021554876,0.613700516893281
43.8972374310661,-69.2375331417341,0.38084393141158,0.201426638876591,0.0340760252587694,0.61634659554694
43.9616105543922,-69.1599372673158,0.380267077259666,0.201400535923722,0.0346655271878434,0.616333140371232
43.9977922683728,-69.066007065783,0.381974834422203,0.203217999751902,0.036120179946728,0.621313014120833
44.0180840108095,-68.9669952615454,0.385132374489019,0.206166229297491,0.0378868249664226,0.629185428752932
44.0251889164207,-68.8663032281706,0.389321637693329,0.209400253845109,0.0398959293126026,0.638617820851041
44.0129087548521,-68.7660273405987,0.396749157168481,0.211805344140171,0.0422227871707241,0.650777288479376
44.0031168323161,-68.6655347612614,0.401476689999267,0.216509061727316,0.0445846089736606,0.662570360700243
44.0399908884349,-68.5754868805176,0.403729253141318,0.217346970813728,0.0460137375467921,0.667089961501838
44.0987573013062,-68.4956879824991,0.404641705213137,0.216444476198899,0.0468867774047249,0.667972958816761
44.0931163407655,-68.3951667875942,0.409214773641203,0.220361060073964,0.0495088934249147,0.679084727140082
44.138378655594,-68.3349656708506,0.409163243559004,0.2194388475114,0.0501676052508083,0.678769696321212
44.2288502396684,-68.3089891116987,0.404948594820436,0.214949567687127,0.0489916672021518,0.668889829709715
44.2296489100621,-68.2088681953374,0.409130489289024,0.217868195788016,0.0514549501654367,0.678453635242476
44.3184380154836,-68.1827462219965,0.404531368805123,0.213951984914892,0.0502407851126796,0.668724138832694
44.3263610177881,-68.0835227886449,0.408042225272312,0.216340826767506,0.0525689457220851,0.676951997761903
44.3735228327794,-67.9980004095452,0.408254837653548,0.216752224890014,0.0535923053305188,0.678599367874081
44.3937441323391,-67.9013946676956,0.410428755670512,0.218912171147956,0.0554008137983556,0.684741740616824
44.4514226746186,-67.8198109499364,0.409012747946976,0.218562461996064,0.0559735788197872,0.683548788762827
44.4751387996783,-67.7259616749668,0.424456397226438,0.206049630198003,0.0575634473348139,0.688069474759254
44.4508465095687,-67.6278816293502,0.42922497836048,0.210509380432436,0.060418874006231,0.700153232799147
44.4713286973389,-67.5318337090823,0.430737539452568,0.21238158762905,0.0621064877278601,0.705225614809478
44.5610396389802,-67.4900644752416,0.424816013699672,0.209131102968846,0.0608196399122726,0.69476675658079
44.5951010489328,-67.3978881377936,0.424451077435308,0.210077926584234,0.0620691889787728,0.696598192998315
44.5991546985952,-67.2969417963203,0.431310509858425,0.208284404912603,0.0642507136736163,0.703845628444644
44.6352762294606,-67.2033091265182,0.430339765217852,0.209179617183173,0.0653781213102431,0.704897503711268
44.6996813287094,-67.1255380934563,0.439209935712075,0.200103967038138,0.0610560164912898,0.700369919241503
44.7552738203309,-67.0412506026099,0.436649463742108,0.19996472258345,0.0612943023120953,0.697908488637653
44.8136114872336,-66.9592883814682,0.437440672081574,0.196133265733618,0.061297112131168,0.69487104994636
44.76172506145,-66.8810562687972,0.443107960149213,0.201459792721049,0.0642197899212284,0.70878754279149
44.6643326130966,-66.8734762037991,0.447926517096389,0.209915801848734,0.0670752332363069,0.72491755218143
44.5714546108364,-66.9124449358996,0.454380463357987,0.213400943557208,0.0687967988566734,0.736578205771869
44.4785898942992,-66.8821364882305,0.45131186241376,0.225715414411752,0.0773798393781954,0.754407116203708
44.4160476293204,-66.8032327476499,0.458722182276631,0.23120508257924,0.0811308564846352,0.771058121340507
44.3697023057324,-66.7134450066468,0.465063750404823,0.236058438865278,0.0846733945482774,0.785795583818379
44.3300451268461,-66.6204607144123,0.470522920113582,0.240431418984994,0.0881005550604539,0.79905489415903
44.292503930052,-66.5265938468507,0.476017741107075,0.244906431809027,0.091485702577523,0.812409875493625
44.2536963173566,-66.433248137818,0.481678856543807,0.249412134767527,0.095065302182109,0.826156293493443
44.2094513887178,-66.3423894599564,0.487744588086083,0.253974957992292,0.0986006774030788,0.840320223481454
44.1512612832549,-66.2600436149201,0.494839327979176,0.259300639247324,0.102385445227091,0.85652541245359
44.0671601164537,-66.2060322858026,0.489717949098442,0.279265035657204,0.106342194384287,0.875325179139933
43.9673569854822,-66.191666917917,0.498351674872689,0.285146262856009,0.110020482449895,0.893518420178594
43.8665134704815,-66.184937304077,0.506862656217316,0.290907857896045,0.11378713348256,0.911557647595921
43.7701222450247,-66.1564499438424,0.511221531505767,0.287022332787298,0.132045158394479,0.930289022687544
43.6912177829421,-66.0940573315532,0.520553253561415,0.292104039276389,0.136265262278904,0.948922555116707
43.634714012016,-66.0106201034434,0.528383434444501,0.296962257763315,0.139928774405154,0.96527446661297
43.5974398810085,-65.9167099097,0.530897359894403,0.304905289494607,0.143063783779902,0.978866433168912
43.5566463322208,-65.8243772158337,0.537394173566546,0.308958786539377,0.146158929066902,0.992511889172826
43.4930427826008,-65.7461764696251,0.545758021400816,0.314188957953928,0.149591923482334,1.00953890283708
43.4221048404561,-65.6741906260681,0.554745302552596,0.319328936866353,0.153158186489352,1.0272324259083
43.3867509562673,-65.5830476898076,0.560663614336387,0.322876226217661,0.15568181494053,1.03922165549458
43.4306903383589,-65.4932060636309,0.558896887962318,0.322210897154023,0.155653817456458,1.0367616025728
43.4970252688953,-65.4169760596706,0.555202739075027,0.320348735629929,0.154569813162434,1.03012128786739
43.5655630170392,-65.3426670910639,0.551369124733938,0.318141835683071,0.15326518963966,1.02277615005667
43.6265627705958,-65.2622001570438,0.548053920408449,0.316644906126013,0.152949180445594,1.01764800698006
43.669892484872,-65.1710454736232,0.556762800390559,0.306837543642973,0.152918917273956,1.01651926130749
43.7004260624312,-65.0746924221714,0.556110456840705,0.307963808119176,0.153453004058986,1.01752726901887
43.7327560087156,-64.9789602321683,0.568424693457082,0.296772259361399,0.153818861744527,1.01901581456301
43.7810660975279,-64.8903431688348,0.566411969149077,0.322840519522769,0.127699648867289,1.01695213753913
43.8430432808659,-64.8105575197332,0.581173574832166,0.303418436061959,0.12587148776276,1.01046349865689
43.9123221018054,-64.7369568733589,0.575779154744237,0.301045003656014,0.123986033660256,1.00081019206051
43.9845903551758,-64.6662647329291,0.581598171890172,0.286578921370313,0.122133452688806,0.990310545949291
44.0562258582713,-64.5949387411791,0.574951084824595,0.294796800618154,0.111155644444629,0.980903529887378
44.122333048758,-64.5185221240324,0.570404780320089,0.294216530555446,0.109657906988751,0.974279217864285
44.1770842574029,-64.4336459292419,0.567507053978568,0.294170269310414,0.108674336170823,0.970351659459804
44.2242177850347,-64.3442141859904,0.568332051352587,0.291471942703007,0.107892396194309,0.967696390249904
44.2744273412579,-64.2565113555084,0.580718877316172,0.277470092113218,0.107271822017581,0.965460791446971
44.3354524898641,-64.1760048654271,0.577036031865293,0.292111661365575,0.0920481670986812,0.96119586032955
44.4011230052297,-64.0991462726652,0.57349249880923,0.292418364089975,0.091131825148384,0.957042688047589
44.4590300024836,-64.0164568734562,0.570654454668303,0.293707215998528,0.0903164100116627,0.954678080678494
44.490173306577,-63.9210109268062,0.58136657490767,0.284911721169416,0.0901055870976438,0.956383883174729
44.482367247144,-63.820570861745,0.584733942839461,0.288833272401351,0.0907885319709812,0.964355747211794
44.4602346290609,-63.7219326693282,0.589416836168391,0.292923006609158,0.0917543748590369,0.974094217636586
44.4482795296172,-63.6218221679892,0.593299806294894,0.296942843461351,0.0924224901085326,0.982665139864778
44.4868409931283,-63.5312748577596,0.587109370990554,0.30406970460675,0.0918471413824358,0.983026216979739
44.5664765008868,-63.4691237834829,0.57443488601568,0.314607450966857,0.0865405143333839,0.975582851315921
44.6310400171073,-63.392440431121,0.581821410476827,0.302821785996287,0.0862403039383534,0.970883500411467
44.6609409941579,-63.2962965823523,0.58142339365574,0.304779653511338,0.0860933399537973,0.972296387120875
44.6696215006892,-63.1956474837138,0.582730020363744,0.307854800907586,0.0864066749146961,0.976991496186026
44.6714187173874,-63.0945689356363,0.584829607493666,0.311291986497926,0.0868089882897889,0.982930582281381
44.6775595563966,-62.9936950298179,0.586861622847142,0.314146141988407,0.0870718718989505,0.9880796367345
44.6929736189739,-62.8938124817428,0.596883262811225,0.316553035821093,0.0785196816725866,0.991955980304905
44.7154690745008,-62.7952647296567,0.597505552265038,0.318642503129795,0.0786352803103961,0.994783335705229
44.7423197663774,-62.6978054637923,0.598355011430278,0.32032539621534,0.0790884179805773,0.997768825626196
44.772003134568,-62.6011678837013,0.599768988582125,0.321871288549527,0.0794628786255679,1.00110315575722
44.8032706688019,-62.5050293728589,0.608891337759767,0.32304758215505,0.0715309654054615,1.00346988532028
44.8349579849524,-62.4090279351619,0.609682430532683,0.324767201252904,0.0717816044239929,1.00623123620958
44.8665600071532,-62.3129983803268,0.610603406558704,0.330098640778224,0.0686089343414512,1.00931098167838
44.8984412273962,-62.2170612713706,0.610964518961702,0.331736032842854,0.0690941853295633,1.01179473713412
44.9310293096019,-62.1213622544854,0.611254126056412,0.332578513326504,0.0699305801514607,1.01376321953438
44.9647463185295,-62.0260555942702,0.610633234541105,0.334486978471218,0.0702531019313811,1.0153733149437
45,-61.93130721,0.609445559358644,0.336118896857443,0.0710593027137997,1.01662375892989
41.5,-69.8871642017077,0.51111304641995,0.331710972380546,0.123420781454733,0.966244800255228
41.5,-69.7514096405491,0.516414514354211,0.338986695464704,0.124425694452471,0.979826904271386
41.5,-69.6156550793906,0.52131479185525,0.346617486545539,0.125408623156261,0.993340901557049
41.5,-69.479900518232,0.525520298922012,0.351389457193413,0.129650983919879,1.0065607400353
41.5,-69.3441459570735,0.529699975073209,0.35911582999796,0.13088648609236,1.01970229116353
41.5,-69.2083913959149,0.539256543686689,0.372619184659456,0.121340448014414,1.03321617636056
41.5,-69.0726368347564,0.543396844951808,0.380815825618563,0.122896137955739,1.04710880852611
41.5,-68.9368822735978,0.550135097896218,0.386717385323598,0.124871800938575,1.06172428415839
41.5,-68.8011277124393,0.557167919069692,0.393186512444393,0.12666222775375,1.07701665926783
41.5,-68.6653731512807,0.564420494846438,0.400139823785028,0.128533395986448,1.09309371461791
41.5,-68.5296185901222,0.571895012839416,0.40686566176527,0.13067322257507,1.10943389717976
41.5,-68.3938640289637,0.579546458098724,0.41328777309205,0.132960290420689,1.12579452161146
41.5,-68.2581094678051,0.588744679636884,0.418226702608525,0.135030401506016,1.14200178375142
41.5,-68.1223549066465,0.597264449567338,0.423497316860168,0.137351049579462,1.15811281600697
41.5,-67.986600345488,0.609661518304106,0.424453565177805,0.139622616783491,1.1737377002654
41.5,-67.8508457843295,0.617753323965561,0.428663090424477,0.141772120734846,1.18818853512488
41.5,-67.7150912231709,0.62575273848455,0.432057805021279,0.143905601931527,1.20171614543736
41.5,-67.5793366620124,0.633055372499419,0.43509145590686,0.146258718552255,1.21440554695853
41.5,-67.4435821008538,0.640107315832187,0.4313546062153,0.154627826073237,1.22608974812072
41.5,-67.3078275396953,0.647159734921406,0.448123551644262,0.141839884790678,1.23712317135635
41.5,-67.1720729785367,0.653202950095572,0.450284754873651,0.143595791716337,1.24708349668556
41.5,-67.0363184173782,0.658453475461636,0.453363098195972,0.145822515138423,1.25763908879603
41.5,-66.9005638562196,0.664046397501359,0.459377695812477,0.144562804089864,1.2679868974037
41.5,-66.7648092950611,0.669789458568506,0.461469219531601,0.147628398475641,1.27888707657575
41.5,-66.6290547339025,0.675960061642121,0.465480752443458,0.14849395844589,1.28993477253147
41.5,-66.493300172744,0.681873938507846,0.467594758811903,0.151234135305514,1.30070283262526
41.5,-66.3575456115854,0.699034964774926,0.458096318881793,0.154417599711047,1.31154888336777
41.5,-66.2217910504269,0.705288393716597,0.459627263682642,0.157227732196024,1.32214338959526
41.5,-66.0860364892683,0.72458803620537,0.434761380683072,0.171910324581237,1.33125974146968
41.5,-65.9502819281098,0.729713272258867,0.435918672004659,0.174212976245611,1.33984492050914
41.5,-65.8145273669513,0.73487185681723,0.440347749468154,0.172127566709847,1.34734717299523
41.5,-65.6787728057927,0.743433649555305,0.424365291987301,0.185400822840067,1.35319976438267
41.5,-65.5430182446342,0.742476378559796,0.429186159514577,0.18663536844069,1.35829790651506
41.5,-65.4072636834756,0.746379332536889,0.422290544746836,0.194732752843461,1.36340263012719
41.5,-65.2715091223171,0.760939559166884,0.410238744249193,0.195462708537663,1.36664101195374
41.5,-65.1357545611585,0.755889446750913,0.419388532731744,0.196465717499173,1.37174369698183
41.5,-65,0.758009054054115,0.425861341006585,0.194457460168664,1.37832785522936
39,-74.6683623986596,0.625558776823785,0.195642953103509,0.145506503255318,0.966708233182613
39,-74.5401246602238,0.633972107670641,0.203925900724598,0.148829874378816,0.986727882774055
39,-74.411886921788,0.64221999970486,0.209837368677358,0.153940464440152,1.00599783282237
39,-74.2836491833523,0.650198680928223,0.216685279790143,0.158948676892755,1.02583263761112
39,-74.1554114449165,0.65882653814003,0.222966705429671,0.163738768880964,1.04553201245066
39,-74.0271737064808,0.668057118378598,0.228251318962701,0.168531304435364,1.06483974177666
39,-73.898935968045,0.677040823173094,0.245767230438659,0.161999120011135,1.08480717362289
39,-73.7706982296092,0.68654374921586,0.250977153968073,0.167314091361212,1.10483499454514
39,-73.6424604911735,0.693427159521707,0.260305318550794,0.171171934954525,1.12490441302703
39,-73.5142227527377,0.702083423906799,0.267216726450864,0.174572365432036,1.1438725157897
39,-73.385985014302,0.710741680001164,0.273897004804057,0.177856480729256,1.16249516553448
39,-73.2577472758662,0.709612960019593,0.292815697108792,0.180664217704088,1.18309287483247
39,-73.1295095374304,0.719243693758093,0.299771275010394,0.183687141062804,1.20270210983129
39,-73.0012717989947,0.728068879167519,0.306831668238126,0.186189490405289,1.22109003781093
39,-72.8730340605589,0.735193935432773,0.313804711905086,0.188514369855702,1.23751301719356
39,-72.7447963221232,0.731313239269992,0.331374436612954,0.190538852714646,1.25322652859759
39,-72.6165585836874,0.732864998787751,0.343048381040293,0.192249883960892,1.26816326378894
39,-72.4883208452516,0.744666344634204,0.343632426606674,0.193482047228121,1.281780818469
39,-72.3600831068159,0.75269860856428,0.348643436131342,0.194635599278342,1.29597764397396
39,-72.2318453683801,0.746750748113481,0.366392017002478,0.196380943027747,1.30952370814371
39,-72.1036076299443,0.753856420318415,0.381654390600522,0.186837054656807,1.32234786557574
39,-71.9753698915086,0.754451785483455,0.391664097175909,0.18760454753826,1.33372043019762
39,-71.8471321530728,0.760916855860289,0.395492757000659,0.188219011634787,1.34462862449573
39,-71.7188944146371,0.763372566796238,0.403193729439816,0.188660385706311,1.35522668194236
39,-71.5906566762013,0.769190634691127,0.406851195993845,0.189054836895183,1.36509666758016
39,-71.4624189377655,0.774980123555185,0.41592842824565,0.183725073475595,1.37463362527643
39,-71.3341811993297,0.777420788343159,0.424754052982882,0.182745715439722,1.38492055676576
39,-71.205943460894,0.782530095166626,0.429377437156355,0.181915437360087,1.39382296968307
39,-71.0777057224583,0.788189271610175,0.434326179338561,0.181259609979068,1.4037750609278
39,-70.9494679840225,0.793521199231751,0.439676495210765,0.18119173949567,1.41438943393819
39,-70.8212302455867,0.798465680660945,0.444524684681328,0.181327228926008,1.42431759426828
39,-70.6929925071509,0.811049027826547,0.441150366840051,0.181580087362788,1.43377948202939
39,-70.5647547687152,0.816575757928154,0.446796636089058,0.182347860443913,1.44572025446113
39,-70.4365170302795,0.822297698456151,0.451776369798309,0.183174737156946,1.45724880541141
39,-70.3082792918437,0.812244630425094,0.476062428079889,0.180498545024471,1.46880560352945
39,-70.1800415534079,0.817454695553466,0.488588853570645,0.1744659747586,1.48050952388271
39,-70.0518038149722,0.821756911676091,0.491390304082068,0.177720634004156,1.49086784976232
39,-69.9235660765364,0.826335282631457,0.509424768510598,0.16535281741468,1.50111286855674
39,-69.7953283381006,0.818291132347139,0.527259995556061,0.166596606381882,1.51214773428508
39,-69.6670905996648,0.822549506872027,0.532033182476718,0.167997465050547,1.52258015439929
39,-69.5388528612291,0.826846266404161,0.536273583763301,0.169424307427774,1.53254415759524
39,-69.4106151227934,0.830721424489481,0.540099440846358,0.171253113996177,1.54207397933202
39,-69.2823773843576,0.831967810123891,0.549185955386926,0.169671761409534,1.55082552692035
39,-69.1541396459218,0.835677520562899,0.553049684313688,0.171097465269284,1.55982467014587
39,-69.0259019074861,0.839050175408811,0.556698852409648,0.172583533243542,1.568332561062
39,-68.8976641690503,0.836705623702921,0.565942143592091,0.173555584374343,1.57620335166936
39,-68.7694264306146,0.839149646356383,0.561589689354208,0.183175315779296,1.58391465148989
39,-68.6411886921788,0.837003300003189,0.569829588911708,0.183973978222635,1.59080686713753
39,-68.5129509537429,0.837860336397846,0.569282809690854,0.189621820345234,1.59676496643393
39,-68.3847132153072,0.837813468490155,0.572063047900531,0.191302177667394,1.60117869405808
39,-68.2564754768715,0.838315955873908,0.574514326191402,0.193214810310882,1.60604509237619
39,-68.1282377384358,0.839360203981606,0.577343535433733,0.195099989328425,1.61180372874376
39,-68,0.829947608454254,0.590338261286904,0.196480017385076,1.61676588712623
36.5,-75.7318199357943,0.920035044873527,0.305931316925385,0.24170079166718,1.46766715346609
36.5,-75.607519169033,0.935385041199604,0.318491260421628,0.234983818513388,1.48886012013462
36.5,-75.4832184022717,0.951566294106466,0.325062382737839,0.233052145035723,1.50968082188003
36.5,-75.3589176355104,0.959842988571972,0.331854637686373,0.238096861060667,1.52979448731901
36.5,-75.234616868749,0.968749950829179,0.337948878436328,0.243048114934116,1.54974694419962
36.5,-75.1103161019877,0.963534227178956,0.357772604443144,0.247857688598654,1.56916452022075
36.5,-74.9860153352264,0.98208428857775,0.352691203450148,0.252426300896712,1.58720179292461
36.5,-74.8617145684651,0.988774606716655,0.356400776355998,0.259047209695085,1.60422259276774
36.5,-74.7374138017038,0.996278675839727,0.362051134245574,0.262718301093648,1.62104811117895
36.5,-74.6131130349424,0.991666615229203,0.384178309449342,0.262847681110256,1.6386926057888
36.5,-74.4888122681811,1.00146746216467,0.390516385983691,0.265562732503607,1.65754658065197
36.5,-74.3645115014198,1.02481541542822,0.383895014134077,0.267974351984233,1.67668478154653
36.5,-74.2402107346584,1.02463837304135,0.405729816016716,0.264202777701366,1.69457096675943
36.5,-74.1159099678972,1.03567662264884,0.42483893144072,0.252289508641291,1.71280506273085
36.5,-73.9916092011358,1.04614825763004,0.430257365131052,0.253752353648233,1.73015797640933
36.5,-73.8673084343745,1.04167706038479,0.449399546402645,0.255454410946625,1.74653101773406
36.5,-73.7430076676132,1.05104519112154,0.453766339029228,0.256851041045198,1.76166257119597
36.5,-73.6187069008518,1.04530483903527,0.471706523298847,0.257697034707142,1.77470839704126
36.5,-73.4944061340906,1.07672339386008,0.450797714352349,0.258162786904171,1.7856838951166
36.5,-73.3701053673292,1.07284473019861,0.478135798348776,0.244726370288012,1.7957068988354
36.5,-73.2458046005679,1.07836225892349,0.482021396342164,0.244784288640804,1.80516794390646
36.5,-73.1215038338066,1.0837033992507,0.485555986903872,0.244980752547396,1.81424013870197
36.5,-72.9972030670453,1.08091055253112,0.494997601254628,0.245627293088327,1.82153544687407
36.5,-72.8729023002839,1.08508908010844,0.496797291455332,0.246229219420394,1.82811559098416
36.5,-72.7486015335226,1.08750901068883,0.498204898562947,0.247384400584502,1.83309830983628
36.5,-72.6243007667613,1.10292944981095,0.485144202660504,0.248204982671346,1.8362786351428
36.5,-72.5,1.1042038152834,0.485861079819983,0.248895068326738,1.83895996343012
18.23,-72,0.339223210813833,0.111656966745987,0.144403340352544,0.595283517912363
18.23,-71.906015037594,0.341342676013453,0.112331228253704,0.142908363789917,0.596582268057074
18.23,-71.812030075188,0.343429480464294,0.112794036798419,0.141671596411192,0.597895113673905
18.23,-71.718045112782,0.345623801290735,0.1130451234562,0.140172493859065,0.598841418606
18.23,-71.6240601503759,0.347658549340131,0.11340283296577,0.138695503755015,0.599756886060916
18.23,-71.5300751879699,0.349237355597833,0.113626129835002,0.13706668418314,0.599930169615976
18.23,-71.4360902255639,0.350572747427292,0.113917090822014,0.135519560487105,0.600009398736411
18.23,-71.3421052631579,0.351595258756995,0.114048230713123,0.134835204659958,0.600478694130076
18.23,-71.2481203007519,0.352572641453381,0.114174515421633,0.134202879521552,0.600950036396567
18.23,-71.1541353383459,0.353236908611183,0.118077599799791,0.129611584035813,0.600926092446787
18.23,-71.0601503759399,0.35324553180526,0.120152399449794,0.127063165572833,0.600461096827887
18.23,-70.9661654135338,0.353931930066951,0.120589809824467,0.126087031839305,0.600608771730724
18.23,-70.8721804511278,0.355068957179908,0.125492183453783,0.120992741145163,0.601553881778854
18.23,-70.7781954887218,0.356212351682342,0.125757066315835,0.120743402927504,0.60271282092568
18.23,-70.6842105263158,0.358235756300695,0.126324384159503,0.120387660263196,0.604947800723394
18.23,-70.5902255639098,0.360099135363687,0.126725429454731,0.120053008622381,0.606877573440799
18.23,-70.4962406015038,0.361579798984462,0.113258506110193,0.133956487923474,0.608794793018129
18.23,-70.4022556390977,0.37062418883451,0.11115818296682,0.128243684453451,0.610026056254781
18.23,-70.3082706766917,0.371199595466238,0.111542606017031,0.128714140808286,0.611456342291555
18.23,-70.2142857142857,0.374995192803995,0.108811450464553,0.129077181378697,0.612883824647245
18.23,-70.1203007518797,0.376665833185445,0.106866316060046,0.130766558504369,0.614298707749861
18.23,-70.0263157894737,0.373160545065522,0.118520293569119,0.12440033214586,0.616081170780501
18.23,-69.9323308270677,0.360788220919739,0.131643304811581,0.12510094362269,0.61753246935401
18.23,-69.8383458646616,0.360040246838132,0.118610370971888,0.14014865446935,0.618799272279369
18.23,-69.7443609022556,0.359919922719567,0.119711723399326,0.141067429221357,0.620699075340251
18.23,-69.6503759398496,0.359724511140821,0.116312372588581,0.146531708764496,0.622568592493898
18.23,-69.5563909774436,0.35969674795243,0.117187008548766,0.14747019387873,0.624353950379926
18.23,-69.4624060150376,0.359916441919879,0.113571702534234,0.152902104846559,0.626390249300672
18.23,-69.3684210526315,0.359737099378745,0.114034389020514,0.15390434516255,0.627675833561809
18.23,-69.2744360902256,0.36102794151755,0.113391936283631,0.1549584872929,0.629378365094081
18.23,-69.1804511278195,0.361544051299961,0.114971199802041,0.155129703120973,0.631644954222975
18.23,-69.0864661654135,0.365883201419492,0.11235358138587,0.156053154489124,0.634289937294486
18.23,-68.9924812030075,0.367138698788262,0.112789295107543,0.156954974038454,0.636882967934258
18.23,-68.8984962406015,0.36939182728947,0.114056911896266,0.156908068949673,0.640356808135409
18.23,-68.8045112781954,0.37970208957595,0.106873204346819,0.158107071938762,0.644682365861531
18.23,-68.7105263157895,0.381708793147436,0.108031079595379,0.159914231602727,0.649654104345543
18.23,-68.6165413533835,0.397348008632764,0.0948617173983877,0.161148151514302,0.653357877545454
18.23,-68.5225563909774,0.398609879614856,0.0956819549472793,0.162708117432833,0.656999951994969
18.23,-68.4285714285714,0.399628195261357,0.0965251262792391,0.164683973227363,0.660837294767958
18.23,-68.3345864661654,0.400255204280604,0.0974645201754479,0.166601171252235,0.664320895708287
18.23,-68.2406015037594,0.415874836873485,0.0839084837727465,0.168349057872295,0.668132378518526
18.23,-68.1466165413534,0.417294882080645,0.0842459071962179,0.169893877625492,0.671434666902355
18.23,-68.0526315789474,0.418848668621048,0.0846245478080584,0.171161372588612,0.674634589017719
18.23,-67.9586466165413,0.433129674964227,0.073782934398283,0.171225390840115,0.678138000202625
18.23,-67.8646616541353,0.436060504574984,0.0744273935665769,0.172746353960691,0.683234252102252
18.23,-67.7706766917293,0.439493812535831,0.0746275799391404,0.174427149267544,0.688548541742515
18.23,-67.6766917293233,0.442913358527971,0.0752745073938982,0.176235187903059,0.694423053824928
18.23,-67.5827067669173,0.446927917560864,0.0762559529893442,0.178395219384746,0.701579089934954
18.23,-67.4887218045113,0.451478173325097,0.0766195162472881,0.18070427755074,0.708801967123125
18.23,-67.3947368421053,0.456448048144351,0.084977396573041,0.173633026019027,0.715058470736419
18.23,-67.3007518796992,0.460426133160943,0.100419408758891,0.161238008480939,0.722083550400773
18.23,-67.2067669172932,0.464125656503773,0.101226923383621,0.163138425063398,0.728491004950791
18.23,-67.1127819548872,0.467260844573087,0.101873659623636,0.165107602384369,0.734242106581092
18.23,-67.0187969924812,0.469926856108705,0.102357890617569,0.167168903031675,0.739453649757949
18.23,-66.9248120300752,0.472070744219307,0.102679000650325,0.169022667421189,0.743772412290822
18.23,-66.8308270676692,0.488734755641117,0.0887454121825241,0.170657752121854,0.748137919945496
18.23,-66.7368421052632,0.490713753374829,0.0895866764244582,0.172125631752369,0.752426061551656
18.23,-66.6428571428571,0.493255889002305,0.0904116069337381,0.173634638900828,0.757302134836871
18.23,-66.5488721804511,0.496023161304432,0.0913709202470883,0.175109447932618,0.762503529484138
18.23,-66.4548872180451,0.499151121642747,0.0972642170117949,0.171911730636459,0.768327069291001
18.23,-66.3609022556391,0.502375210406243,0.0980330219862393,0.173919631475633,0.774327863868115
18.23,-66.2669172932331,0.505345018780739,0.0988223012198394,0.175827768700971,0.77999508870155
18.23,-66.1729323308271,0.508758072333543,0.0905803975184038,0.186703934186957,0.786042404038903
18.23,-66.0789473684211,0.511879349056659,0.0908887348018529,0.189569972524752,0.792338056383264
18.23,-65.984962406015,0.520631337867582,0.085791057334865,0.192269566465283,0.79869196166773
18.23,-65.890977443609,0.528415100063343,0.081477154867413,0.195085696781321,0.804977951712077
18.23,-65.796992481203,0.53102006498737,0.0818836265994862,0.19745353479461,0.810357226381465
18.23,-65.7030075187969,0.527857101046551,0.0875262879313332,0.199842594409554,0.815225983387438
18.23,-65.6090225563909,0.530170511961124,0.0967887217573106,0.192739579268363,0.819698812986798
18.23,-65.515037593985,0.532022828435415,0.0974528097590746,0.194936060218663,0.824411698413153
18.23,-65.4210526315789,0.534343871590583,0.0980428258578293,0.197233002180248,0.829619699628661
18.23,-65.3270676691729,0.526427288223926,0.108801408898159,0.199442575940846,0.83467127306293
18.23,-65.2330827067669,0.52897170822388,0.109513115938284,0.201510577780834,0.839995401942998
18.23,-65.1390977443608,0.531750972978209,0.119091979331278,0.194628764241381,0.845471716550868
18.23,-65.0451127819549,0.534557247835763,0.119977657402451,0.19611914932431,0.850654054562524
18.23,-64.9511278195489,0.537591429360272,0.121014521869753,0.197461369449145,0.85606732067917
18.23,-64.8571428571429,0.529747477201774,0.132410858445253,0.198757033891595,0.860915369538622
18.23,-64.7631578947368,0.522638597537061,0.143009100767493,0.200109491062146,0.865757189366699
18.23,-64.6691729323308,0.524504137486608,0.14417388521831,0.201518959617147,0.870196982322066
18.23,-64.5751879699248,0.526725240411961,0.150077653010076,0.198326396567855,0.875129289989893
18.23,-64.4812030075187,0.528841134098318,0.151378742963663,0.199590077138807,0.879809954200788
18.23,-64.3872180451128,0.530485309363234,0.152378369075791,0.200464464112984,0.883328142552009
18.23,-64.2932330827068,0.53217355145556,0.153385238343862,0.201703172555118,0.887261962354539
18.23,-64.1992481203007,0.533972910762884,0.154606545866218,0.202803983345213,0.891383439974315
18.23,-64.1052631578947,0.542699815604847,0.150159878174008,0.20368844960591,0.896548143384765
18.23,-64.0112781954886,0.545262229116164,0.158793060932647,0.197347440589138,0.901402730637949
18.23,-63.9172932330827,0.548139475177016,0.160838888408359,0.197759447015306,0.906737810600681
18.23,-63.8233082706767,0.553321515421012,0.160672263094046,0.198497243375038,0.912491021890096
18.23,-63.7293233082707,0.556456422088668,0.162154686969406,0.19939250394452,0.918003613002594
18.23,-63.6353383458647,0.558982383105846,0.163412118649828,0.200041669855091,0.922436171610766
18.23,-63.5413533834586,0.561090150867884,0.164398420577961,0.200486098929538,0.925974670375383
18.23,-63.4473684210526,0.562748407919423,0.16508151298306,0.201133214284871,0.928963135187354
18.23,-63.3533834586466,0.571211836276312,0.158822130652439,0.201159623198894,0.931193590127645
18.23,-63.2593984962406,0.58320276953021,0.148382221082831,0.201118792347605,0.932703782960646
18.23,-63.1654135338345,0.570903537745449,0.162618853204205,0.200845291328178,0.934367682277833
18.23,-63.0714285714285,0.572593122476706,0.163532270390372,0.200591527286531,0.93671692015361
18.23,-62.9774436090226,0.577415657712092,0.160902693395185,0.200588513811806,0.938906864919082
18.23,-62.8834586466164,0.580137491617804,0.160847060860756,0.200446908195193,0.941431460673754
18.23,-62.7894736842105,0.581520111265023,0.16205829643112,0.200050270739489,0.943628678435632
18.23,-62.6954887218044,0.567868953646112,0.186606528501764,0.189877810193514,0.94435329234139
18.23,-62.6015037593985,0.553224227888856,0.204154328473984,0.186922142090526,0.944300698453366
18.23,-62.5075187969925,0.552844868004149,0.205772301142291,0.186436193379814,0.945053362526254
18.23,-62.4135338345865,0.553377315286148,0.206795586326897,0.186747581717042,0.946920483330086
18.23,-62.3195488721804,0.566979598111771,0.209076154594742,0.173285785382558,0.94934153808907
18.23,-62.2255639097744,0.568375623010999,0.209793717750898,0.173737279967652,0.951906620729549
18.23,-62.1315789473684,0.569719743487803,0.210086001228257,0.174238961761645,0.954044706477705
18.23,-62.0375939849624,0.569847376230903,0.211241360359471,0.174667851350002,0.955756587940375
18.23,-61.9436090225564,0.571541499409885,0.211330195241198,0.174884782719809,0.957756477370891
18.23,-61.8496240601503,0.587581749325932,0.197404599302072,0.174954577216512,0.959940925844518
18.23,-61.7556390977443,0.58887211022646,0.198903067443933,0.173957945744622,0.961733123415014
18.23,-61.6616541353383,0.591791875083326,0.210027339870632,0.161425989692853,0.963245204646811
18.23,-61.5676691729322,0.591919724121386,0.210711734129413,0.161710430356425,0.964341888607225
18.23,-61.4736842105263,0.592452078668089,0.213050943243524,0.160388731864072,0.965891753775685
18.23,-61.3796992481202,0.604534922971067,0.201402367231489,0.160603427956568,0.966540718159123
18.23,-61.2857142857143,0.591451423596764,0.215109613512973,0.160766297586359,0.967327334696096
18.23,-61.1917293233082,0.591032655620403,0.215475071976736,0.160856620488078,0.967364348085217
18.23,-61.0977443609023,0.590028610818971,0.215751200033265,0.160720989559424,0.96650080041166
18.23,-61.0037593984962,0.587382425227506,0.21714837909398,0.161114173030463,0.965644977351949
18.23,-60.9097744360902,0.585906642288616,0.206550356900414,0.172096149492,0.96455314868103
18.23,-60.8157894736842,0.584618228764064,0.206771577241783,0.172588094435819,0.963977900441666
18.23,-60.721804511278,0.585044747289523,0.205518876411667,0.172975945894915,0.963539569596105
18.23,-60.6278195488722,0.584976579365742,0.216740233503431,0.162133404983424,0.963850217852597
18.23,-60.533834586466,0.584783177723056,0.216610847491635,0.162676277434355,0.964070302649046
18.23,-60.43984962406,0.584667711846304,0.216393940069092,0.162926223443306,0.963987875358702
18.23,-60.345864661654,0.59493490655889,0.204565545836988,0.162892220385261,0.962392672781139
18.23,-60.2518796992479,0.603778134293444,0.194261009123476,0.163200896927792,0.961240040344713
18.23,-60.1578947368421,0.601435681951129,0.194062907962162,0.163575812602844,0.959074402516135
18.23,-60.0639097744359,0.598863208896618,0.193878079816706,0.164111986852091,0.956853275565415
18.23,-59.9699248120301,0.624437304199365,0.16768016252814,0.162220464854233,0.954337931581739
18.23,-59.8759398496239,0.626905273650894,0.162872683602852,0.162346539210173,0.952124496463918
18.23,-59.7819548872179,0.625523475811967,0.168253215065796,0.156810994035727,0.950587684913491
18.23,-59.687969924812,0.624957209400399,0.16688664601365,0.157113403174249,0.948957258588298
18.23,-59.5939849624058,0.633569956644552,0.156161025434228,0.157204184163338,0.946935166242117
18.23,-59.5,0.626487824704854,0.161029767405924,0.157636748480483,0.945154340591261
20,-65.59,0.572907722537426,0.104400153739703,0.22672658972277,0.9040344659999
19.9111111111111,-65.59,0.571185694044637,0.10361905373712,0.225724769151985,0.900529516933742
19.8222222222222,-65.59,0.570547845739929,0.101668060636489,0.224708230296056,0.896924136672475
19.7333333333333,-65.59,0.568990052118336,0.100780976388946,0.223596475924774,0.893367504432055
19.6444444444444,-65.59,0.567170806035176,0.100005935285756,0.222576650040155,0.889753391361088
19.5555555555556,-65.59,0.564892432960612,0.0991384368848913,0.221482546919421,0.885513416764925
19.4666666666667,-65.59,0.563195589635551,0.0983758337184747,0.220607329913671,0.882178753267697
19.3777777777778,-65.59,0.560648292455818,0.0975316495930834,0.219561202189037,0.877741144237939
19.2888888888889,-65.59,0.557866786191529,0.0964624904165167,0.218190181421641,0.872519458029687
19.2,-65.59,0.556019913679646,0.0954836565966623,0.216837257746393,0.868340828022701
19.1111111111111,-65.59,0.554479279511262,0.0946600270385772,0.215387978573502,0.864527285123342
19.0222222222222,-65.59,0.552449451068157,0.0939576684474196,0.214010462207145,0.860417581722721
18.9333333333333,-65.59,0.550356584091394,0.0931957194981028,0.21254343085473,0.856095734444227
18.8444444444444,-65.59,0.548161353635837,0.0926165341142994,0.211417170896573,0.852195058646709
18.7555555555556,-65.59,0.545498950125147,0.0922236424008523,0.210109724438823,0.847832316964822
18.6666666666667,-65.59,0.549557884616526,0.0848798202928003,0.208747301271325,0.843185006180651
18.5777777777778,-65.59,0.546655810493857,0.0846665174170715,0.207457049410674,0.838779377321603
18.4888888888889,-65.59,0.543665038945868,0.0946497826577646,0.195788434476558,0.83410325608019
18.4,-65.59,0.534695053652781,0.099815664332067,0.194990191603017,0.829500909587865
18.3111111111111,-65.59,0.531668825342675,0.0986429629641549,0.194028037223621,0.824339825530451
18.2222222222222,-65.59,0.530380842565972,0.0968339926120567,0.193253425424474,0.820468260602502
18.1333333333333,-65.59,0.528795816142655,0.0956936312730945,0.192458217274961,0.81694766469071
18.0444444444444,-65.59,0.527293327100598,0.0945317017589137,0.191380275723085,0.813205304582597
17.9555555555555,-65.59,0.52618563752375,0.0932865678457596,0.190338062652743,0.809810268022252
17.8666666666666,-65.59,0.519043058634091,0.0977910131351049,0.189204578469727,0.806038650238923
17.7777777777778,-65.59,0.518414461796154,0.0959567565672011,0.188188588167574,0.802559806530929
17.6888888888889,-65.59,0.517591159523922,0.106579860016916,0.174808774664248,0.798979794205086
17.6,-65.59,0.5168314827464,0.110590119142291,0.16800218303166,0.795423784920351
17.5111111111111,-65.59,0.516433297746868,0.10896019147243,0.167053706417482,0.79244719563678
17.4222222222222,-65.59,0.515783075071046,0.107364835569065,0.166195489322492,0.789343399962602
17.3333333333333,-65.59,0.515973826340981,0.105748458677297,0.16536328566114,0.787085570679419
17.2444444444444,-65.59,0.502400215354965,0.117962494350824,0.164534556795962,0.784897266501751
17.1555555555556,-65.59,0.502868866395904,0.116369154632865,0.163607958675467,0.782845979704236
17.0666666666667,-65.59,0.503458697535448,0.114790403247986,0.162718940929285,0.780968041712719
16.9777777777778,-65.59,0.503977939413287,0.113280897621347,0.16153006302411,0.778788900058744
16.8888888888889,-65.59,0.505045412905407,0.111696074651162,0.160387399932419,0.777128887488988
16.8,-65.59,0.506152996351254,0.11019783315056,0.158968247092368,0.775319076594182
16.7111111111111,-65.59,0.507728540309635,0.108979755659415,0.157678761925929,0.774387057894979
16.6222222222222,-65.59,0.509568393488762,0.107774501126444,0.156139030622924,0.77348192523813
16.5333333333333,-65.59,0.511214882249589,0.106484901420407,0.154833494830686,0.772533278500681
16.4444444444444,-65.59,0.513492026541331,0.105111426732718,0.153440506551039,0.772043959825088
16.3555555555556,-65.59,0.515625294693022,0.103659904697079,0.151922937738756,0.771208137128856
16.2666666666667,-65.59,0.518161427964434,0.102129875081559,0.150353233986233,0.770644537032226
16.1777777777778,-65.59,0.520641135168775,0.100517178591442,0.148713268587065,0.769871582347282
16.0888888888889,-65.59,0.523434142342521,0.0988234381557603,0.146968964804056,0.769226545302337
16,-65.59,0.526006012569906,0.0970512171014355,0.145273488814689,0.768330718486031
24.8964165462282,-83.5,0.621797690679144,0.205870957106216,0.227306918454462,1.05497556623982
24.8964165462282,-83.40625,0.619729240323183,0.204838519453651,0.229125549511289,1.05369330928812
24.8964165462282,-83.3125,0.617533334607208,0.203612735070233,0.230788550215258,1.0519346198927
24.8964165462282,-83.21875,0.614807553665221,0.202346518811809,0.232707143831326,1.04986121630836
24.8964165462282,-83.125,0.612688336454763,0.200667008888979,0.234330137775871,1.04768548311961
24.8964165462282,-83.03125,0.61402120524813,0.209416263814245,0.221072152701717,1.04450962176409
24.8964165462282,-82.9375,0.609422386957109,0.209877981597242,0.223000688730068,1.04230105728442
24.8964165462282,-82.84375,0.6067160045809,0.208026755597355,0.225378720140738,1.04012148031899
24.8964165462282,-82.75,0.604243776368334,0.213304622044835,0.22040336328262,1.03795176169579
24.8964165462282,-82.65625,0.601932821269014,0.211200972581092,0.222892570029568,1.03602636387967
24.8964165462282,-82.5625,0.600219795473236,0.229416396221655,0.204608309157339,1.03424450085223
24.8964165462282,-82.46875,0.597897499032626,0.227980576501552,0.206144422678314,1.03202249821249
24.8964165462282,-82.375,0.596364376037215,0.22649994878841,0.207646741114729,1.03051106594035
24.8964165462282,-82.28125,0.594980337094171,0.224852029774525,0.20912259488382,1.02895496175252
24.8964165462282,-82.1875,0.593459084999612,0.222958383654133,0.210981214445362,1.02739868309911
24.8964165462282,-82.09375,0.591568836813055,0.220855358065933,0.213021715946749,1.02544591082574
24.8964165462282,-82,0.580986342607611,0.242131686562906,0.200676696709377,1.02379472587989
24.8964165462282,-81.90625,0.58019707840462,0.239900452822539,0.202354437101832,1.02245196832899
24.8964165462282,-81.8125,0.579538182057487,0.251841558398806,0.19040854747082,1.02178828792711
24.8964165462282,-81.71875,0.578829147596179,0.249939279573616,0.191952830064238,1.02072125723403
24.8964165462282,-81.625,0.578342466034256,0.248186534193363,0.193272144702394,1.01980114493001
24.8964165462282,-81.53125,0.577728056587218,0.246085722353188,0.194438003705335,1.01825178264574
24.8964165462282,-81.4375,0.5721669873982,0.24955849602415,0.195094193500167,1.01681967692252
24.8964165462282,-81.34375,0.571369416086595,0.247310492310352,0.195870922196119,1.01455083059307
24.8964165462282,-81.25,0.570410069593575,0.237006613745409,0.205153320958329,1.01257000429731
24.8964165462282,-81.15625,0.569440976414552,0.234787623381199,0.206186279016419,1.01041487881217
24.8964165462282,-81.0625,0.559194944291183,0.23345996328151,0.215306250225914,1.00796115779861
24.8964165462282,-80.96875,0.558434141831945,0.230631546623861,0.215369025497489,1.0044347139533
24.8964165462282,-80.875,0.557546262494063,0.228523753976647,0.215351092230404,1.00142110870111
24.8964165462282,-80.78125,0.556454493161372,0.234304139169902,0.207884688523223,0.998643320854497
24.8964165462282,-80.6875,0.555048459210136,0.232807489496797,0.207848200333762,0.995704149040695
24.8964165462282,-80.59375,0.556558814289023,0.228354905984439,0.207917451035267,0.992831171308729
24.8964165462282,-80.5,0.554820418242908,0.227167057113928,0.208250985885569,0.990238461242405
24.8964165462282,-80.40625,0.557311811966976,0.221872409228923,0.207745404044135,0.986929625240034
24.8964165462282,-80.3125,0.555267361328389,0.221934265567409,0.20689163804697,0.984093264942768
24.8964165462282,-80.21875,0.552958238588009,0.221209422973226,0.206887577815665,0.9810552393769
24.8964165462282,-80.125,0.550505380120696,0.222196346012808,0.205053681752883,0.977755407886387
24.8964165462282,-80.03125,0.549806073696778,0.218763382464673,0.205205849550405,0.973775305711856
24.8964165462282,-79.9375,0.54633799673001,0.218109057917802,0.20535665278392,0.969803707431733
24.8964165462282,-79.84375,0.544323954237858,0.229139557549443,0.193624640879442,0.967088152666744
24.8964165462282,-79.75,0.540381455290025,0.229489658812946,0.193518208521208,0.963389322624179
24.8964165462282,-79.65625,0.537748223935732,0.230193450099479,0.192387795695798,0.960329469731009
24.8964165462282,-79.5625,0.555920371350575,0.209665942139685,0.19080642308637,0.95639273657663
24.8964165462282,-79.46875,0.551965203275136,0.209984274310335,0.190149015261791,0.952098492847262
24.8964165462282,-79.375,0.548557509261754,0.210562709004106,0.189303015033631,0.948423233299491
24.8964165462282,-79.28125,0.545231453454251,0.211434938284937,0.188473730496839,0.945140122236026
24.8964165462282,-79.1875,0.542203357207227,0.212531541640657,0.187872545612541,0.942607444460425
24.8964165462282,-79.09375,0.538855307980044,0.213807011200325,0.187616694062015,0.940279013242384
24.8964165462282,-79,0.535553429396319,0.214777316304163,0.188006642950071,0.938337388650552
24.8964165462282,-78.90625,0.535828654028707,0.212033121430712,0.188395796423581,0.936257571883
24.8964165462282,-78.8125,0.545855705868949,0.19928530904002,0.189015511056606,0.934156525965575
24.8964165462282,-78.71875,0.543128998179445,0.199712957648642,0.189548385147387,0.932390340975474
24.8964165462282,-78.625,0.526915765527173,0.20049803862174,0.204176801806059,0.931590605954972
24.8964165462282,-78.53125,0.525158603356523,0.201425168487466,0.204720447404063,0.931304219248052
24.8964165462282,-78.4375,0.522568646812276,0.202078301839018,0.205426319359555,0.930073268010848
24.8964165462282,-78.34375,0.519878167815658,0.203096225236415,0.205964106151285,0.928938499203359
24.8964165462282,-78.25,0.503844720041604,0.21804045047645,0.20656271756362,0.928447888081674
24.8964165462282,-78.15625,0.502526382275309,0.219089784940214,0.207592720558249,0.929208887773772
24.8964165462282,-78.0625,0.513397648881173,0.207796327377579,0.208809250745427,0.930003227004178
24.8964165462282,-77.96875,0.512391012234607,0.208733675409287,0.210002820194013,0.931127507837906
24.8964165462282,-77.875,0.512190963973577,0.20877539588868,0.211523363543774,0.932489723406032
24.8964165462282,-77.78125,0.518493542488868,0.202230398362022,0.212655870429679,0.93337981128057
24.8964165462282,-77.6875,0.524661278604218,0.195944674588781,0.214239155969939,0.934845109162938
24.8964165462282,-77.59375,0.524577425662923,0.196379252434083,0.215824775877098,0.936781453974104
24.8964165462282,-77.5,0.537665858834203,0.182197577970832,0.219009141554781,0.938872578359815
